Activity Date,Elapsed Time,Moving Time,Distance,Max Speed,Average Speed,Elevation Gain,Elevation Loss,Elevation Low,Elevation High,Max Grade,Average Grade
"21 Jan 2017, 20:41:57",1384,1273,3005,4.199999809265137,,44.12919998168945,,26,60,34.20000076293945,0.00665557
"30 Mar 2017, 20:07:45",1464,1278,3173.800048828125,4,,0,,28,37,8.399999618530273,-0.00945239
"2 Apr 2017, 19:49:22",1241,1237,3063.199951171875,5.5,,19.70829963684082,,26,46,35.599998474121094,0
"14 Apr 2017, 16:50:05",164,164,512.4000244140625,4.5,,0,,11.800000190734863,14,3.4000000953674316,-0.039032001
"1 May 2017, 12:34:18",1168,1168,3071.100098,5.599999904632568,,0,,10.300000190734863,14.399999618530273,3.700000047683716,-0.029305501
"7 May 2017, 11:02:49",3707,3662,8633.900391,4.400000095367432,,18.733299255371094,,8.600000381469727,31,12.899999618530273,-0.100766003
"21 May 2017, 07:31:33",1103,735,2047.5,4.199999809265137,,0,,10.300000190734863,14.199999809265137,7.800000190734863,0.039071999
"20 Jun 2017, 07:00:49",1344,1118,2725.100098,3.700000047683716,,6.993080139160156,,10.300000190734863,14.199999809265137,4.099999904632568,0
"4 Jul 2017, 13:30:53",360,360,1000,,,,,,,,0
"8 Jul 2017, 18:46:08",360,360,1000,,,,,,,,0
"9 Jul 2017, 11:43:10",360,360,1000,,,,,,,,0
"23 Jul 2017, 18:27:34",360,360,1000,,,,,,,,0
"6 Mar 2018, 16:34:07",1329,1311,3001.699951171875,4.5,,19.328296661376953,,26,41.099998474121094,25.399999618530273,0
"10 Apr 2018, 19:50:11",2426,2401,5489.299805,3.4000000953674316,,15.267382621765137,,10.899999618530273,14.199999809265137,8.899999618530273,0.010930356
"13 Apr 2018, 07:19:24",1536,1316,3007.699951171875,3.200000047683716,,23.505769729614258,,10,27.399999618530273,19.899999618530273,0.3989759683609009
"25 Apr 2018, 17:48:49",1320,1320,3000,,,,,,,,0
"30 Apr 2018, 18:18:49",2489,2295,5108.799805,7.5,,28.615781784057617,,25,41.20000076293945,18.200000762939453,-0.223144382
"9 May 2018, 19:26:30",1894,1804,4121.299805,3.9000000953674316,,23.007226943969727,,24.399999618530273,41.5,13.300000190734863,-0.281464577
"10 May 2018, 19:12:58",2848,2740,6038.399902,6.900000095367432,,17.547344207763672,,24.399999618530273,41,16.299999237060547,-0.183823526
"13 May 2018, 19:34:25",1280,1215,3014.899902,3.799999952316284,,13.065909385681152,,26,41.29999923706055,11.800000190734863,-0.381438851
"14 May 2018, 18:53:54",1731,1677,4065,3.700000047683716,,25.828670501708984,,25.399999618530273,41.099998474121094,12.5,-0.277982771
"16 May 2018, 19:09:54",2206,2047,4998.200195,10,,11.718772888183594,,24.399999618530273,41.20000076293945,23.299999237060547,-0.284102291
"8 Jun 2018, 20:14:46",2164,2100,5161.299805,4.800000190734863,,25.151281356811523,,26,41.099998474121094,20,-0.230562061
"22 Jun 2018, 14:31:58",537,536,1419.5,5,,3.116666555404663,,10.899999618530273,14.199999809265137,3.0999999046325684,0.007044734
"23 Jun 2018, 14:19:46",2870,2818,6146.200195,3.799999952316284,,12.936105728149414,,9.699999809265137,14,8.800000190734863,0
"1 Jul 2018, 21:01:20",2834,2760,6024.600098,4,,30.643489837646484,,10,20.899999618530273,12.399999618530273,-0.008299306
"4 Jul 2018, 18:03:03",2172,2125,5070.399902,4.5,,6.525757789611816,,9.699999809265137,14,6.699999809265137,0
"12 Jul 2018, 21:08:31",1444,1442,3036.699951171875,7,,7.569230556488037,,36.70000076293945,44.900001525878906,4.5,0.036223530769348145
"15 Jul 2018, 08:32:26",2986,2914,6408.5,5.199999809265137,,24.14976692199707,,9.5,18.5,7,0
"16 Jul 2018, 20:07:18",1688,1679,4092.600098,3.5,,17.19359016418457,,10.899999618530273,24,8.600000381469727,0
"31 Jul 2018, 19:52:05",2555,2460,6092.100098,5.599999904632568,,36.28666305541992,,11.600000381469727,43.099998474121094,6.199999809265137,0.013131760992109776
"3 Aug 2018, 17:43:23",1350,1350,3000,,,,,,,,0
"13 Aug 2018, 09:24:16",166,156,480.6000061035156,4.099999904632568,,0,,12.899999618530273,14,3,0.20807324349880219
"18 Aug 2018, 12:29:27",2722,1913,5629.5,6.900000095367432,,20.011171340942383,,9,16,12.800000190734863,-0.007105427
"21 Aug 2018, 19:44:55",3375,3239,7050.100098,3.5999999046325684,,32.019474029541016,,10,21,18.100000381469727,0.005673679
"26 Aug 2018, 08:31:20",3017,2938,7093.200195,6.800000190734863,,28.489219665527344,,9.5,18.5,6.800000190734863,0
"27 Aug 2018, 09:55:00",1062,1059,2038.0999755859375,3,,3.038461446762085,,10.899999618530273,14.100000381469727,3,-0.014719591
"2 Sep 2018, 08:36:15",3111,2843,6066.899902,6.300000190734863,,24.13650131225586,,9.5,18.5,6.400000095367432,0
"5 Sep 2018, 18:00:44",1840,1797,4118,3.5999999046325684,,21.88519859313965,,11,25.200000762939453,9.800000190734863,0
"22 Sep 2018, 10:58:15",2582,2160,5143.200195,3.200000047683716,,39.41439437866211,,29.899999618530273,67,17.600000381469727,0.05638513
"24 Sep 2018, 09:40:25",5326,4797,10115.09961,3.4000000953674316,,17.713003158569336,,25.200000762939453,32.79999923706055,17.5,-0.004943105
"28 Sep 2018, 11:33:02",4075,3837,8082.600098,4,,14.88690472,,26,32.599998474121094,9.199999809265137,-0.012372256
"1 Oct 2018, 10:11:28",3981,3718,8072.700195,3.5,,14.876274108886719,,26,32.70000076293945,9,-0.007432458
"5 Oct 2018, 11:18:40",4159,3778,8307.599609,8.899999618530273,,13.089460372924805,,26,32.70000076293945,8.699999809265137,-0.024074342
"13 Oct 2018, 09:39:06",2146,2008,5056.600098,4.300000190734863,,0,,24.700000762939453,33.400001525878906,11.899999618530273,-0.112723961
"9 Nov 2018, 12:05:27",1404,1078,3097.5,4.199999809265137,,0,,24.700000762939453,33.400001525878906,11.800000190734863,-0.167877316
"15 Nov 2018, 12:08:08",1709,1243,3518.199951171875,4.199999809265137,,2.941666603088379,,24.700000762939453,33.400001525878906,8.300000190734863,-0.068216704
"16 Dec 2018, 15:31:11",2278,1144,2626.399902,4.099999904632568,,4.604545593261719,,8.600000381469727,13.5,5.800000190734863,0
"19 Dec 2018, 12:02:20",2411,2098,5051,3.5,,33.891666412353516,,10.100000381469727,45.79999923706055,43,0.015838447958230972
"28 Dec 2018, 13:11:08",1309,1139,3036.5,3.700000047683716,,6.16287899,,9.899999618530273,16,3.9000000953674316,-0.052692246
"5 Feb 2019, 15:47:59",319,317,808.4000244140625,3.700000047683716,,0,,29.299999237060547,30.899999618530273,4.099999904632568,0.024740228429436684
"5 Feb 2019, 16:05:23",1260,1260,3000,,,,,,,,0
"5 Feb 2019, 18:23:10",351,351,900,,,,,,,,0
"7 Feb 2019, 09:26:22",460,341,861.2000122070312,3.4000000953674316,,0,,29.299999237060547,30.899999618530273,4,-0.023223409
"7 Feb 2019, 09:48:33",1251,1251,9000,,,,,,,,0
"8 Feb 2019, 09:05:14",355,345,866.5,3.4000000953674316,,0,,29.299999237060547,30.899999618530273,4.300000190734863,-0.057703406
"16 Feb 2019, 12:41:28",1700,1080,3016.800048828125,4.400000095367432,,0,,24.600000381469727,33.400001525878906,9.399999618530273,-0.185627148
"2 Mar 2019, 11:25:26",4189,2939,7055.5,5.300000190734863,,2.325324773788452,,24,33.400001525878906,10.300000190734863,-0.069449365
"21 Mar 2019, 19:43:41",840,840,2000,,,,,,,,0
"6 Apr 2019, 13:27:04",998,643,1563.9000244140625,4.800000190734863,,2.8692307472229004,,10.199999809265137,13.600000381469727,4.800000190734863,0.070336975
"9 Apr 2019, 17:51:54",1429,1263,3341.199951171875,4.800000190734863,,2.162820578,,24.600000381469727,33.400001525878906,8.399999618530273,-0.110738657
"22 Apr 2019, 10:02:30",1546,1258,3079.699951171875,4,,6.682750701904297,,10.199999809265137,16,5.300000190734863,-0.003247069
"27 Apr 2019, 07:36:45",1621,1064,2684.399902,3.200000047683716,,6.717424392700195,,10.300000190734863,16,3.9000000953674316,0
"4 May 2019, 08:11:14",,2043,5171.100098,5.199999809265137,,21.513519287109375,,9.800000190734863,18.399999618530273,7.5,-0.081220627
"7 May 2019, 08:13:14",,1619,4061,3.5999999046325684,,9.539859771728516,,9.5,16.200000762939453,4.800000190734863,-0.00984979
"11 May 2019, 08:05:42",,1988,5151.700195,5.400000095367432,,21.400625228881836,,9.800000190734863,18.399999618530273,7.900000095367432,-0.067938738
"13 May 2019, 10:39:22",,1667,1941.5999755859375,2.0999999046325684,,3.2200000286102295,,10.199999809265137,13.800000190734863,6.599999904632568,0.005150391
"16 May 2019, 08:11:19",,2349,5585.100098,3.9000000953674316,,15.610164642333984,,9.600000381469727,16.200000762939453,5,-0.017904783
"24 May 2019, 18:42:03",,6071,7607.899902,4.099999904632568,,52.782379150390625,,8.899999618530273,34.20000076293945,7.199999809265137,0.009200962
"25 May 2019, 08:04:38",,2,3.0999999046325684,1.600000023841858,,,,17.700000762939453,17.700000762939453,0,0
"25 May 2019, 08:04:56",,2077,5211.200195,4.599999904632568,,21.528263092041016,,9.699999809265137,18.399999618530273,7.300000190734863,-0.080595642
"25 May 2019, 09:55:06",,626,817.2000122070312,2.0999999046325684,,2.823214292526245,,10.699999809265137,13.800000190734863,2,0.012236906215548515
"25 May 2019, 20:17:12",,1777,4047.5,4,,14.095512390136719,,10.699999809265137,16,6.599999904632568,-0.044471897
"28 May 2019, 19:36:55",,2819,6040.399902,3.299999952316284,,24.242616653442383,,10.699999809265137,16,2.9000000953674316,0.014899675734341145
"15 Jun 2019, 20:20:12",,1916,4233.100098,3.200000047683716,,14.100366592407227,,10.699999809265137,16,2.9000000953674316,-0.042522028
"16 Jun 2019, 20:11:37",,1290,3017.600098,2.9000000953674316,,9.030070304870605,,10.699999809265137,16,2.799999952316284,-0.036452811
"19 Jun 2019, 20:45:42",,4708,10061.09961,3.5,,31.06438636779785,,9.899999618530273,16,10.300000190734863,0
"29 Jun 2019, 08:21:18",419,407,1010.2999877929688,3.5999999046325684,,3.954545497894287,,12,16,2.4000000953674316,0.039592199
"7 Jul 2019, 11:39:01",2160,2160,1000,,,,,,,,0
"10 Jul 2019, 11:31:48",1680,1680,750,,,,,,,,0
"24 Jul 2019, 11:54:55",2070,2070,1000,,,,,,,,0
"26 Jul 2019, 11:33:58",2280,2280,1250,,,,,,,,0
"1 Aug 2019, 11:17:05",1770,1770,1000,,,,,,,,0
"9 Aug 2019, 11:27:34",2370,2370,1250,,,,,,,,0
"15 Aug 2019, 11:06:00",2130,2130,1250,,,,,,,,0
"2 Sep 2019, 11:05:00",3480,3480,2000,,,,,,,,0
"9 Oct 2019, 10:07:06",1722,1289,3042.600098,7.699999809265137,,2.4805195331573486,,23.799999237060547,27.799999237060547,12.399999618530273,-0.052586604
"27 Oct 2019, 21:49:41",2400,2400,10600,,,,,,,,0
"1 Nov 2019, 18:04:29",2280,2280,8100,,,,,,,,0
"3 Nov 2019, 12:35:14",2100,2100,7500,,,,,,,,0
"9 Nov 2019, 20:38:36",1950,1950,14000,,,,,,,,0
"19 Nov 2019, 19:53:01",3000,3000,10300,,3.433333396911621,,,,,,0
"24 Dec 2019, 10:03:34",2183,1919,4073.300048828125,3,2.1226160526275635,,,1.100000023841858,4.599999904632568,7.199999809265137,-0.002455012
"31 Dec 2019, 13:32:41",655,599,1310.300048828125,3.299999952316284,2.187479019165039,3.9434783458709717,,11.199999809265137,16,7.800000190734863,-0.083950244
"12 Jan 2020, 09:33:12",3134,3000,6765.299805,12.300000190734863,2.2551000118255615,10.821666717529297,,8.199999809265137,13.600000381469727,7.400000095367432,-0.002956262
"20 Jan 2020, 11:41:32",1483,1204,3011.800048828125,5.599999904632568,2.501495122909546,2.803140163421631,,23.799999237060547,27.799999237060547,9.399999618530273,-0.029882463
"22 Jan 2020, 12:47:43",362,353,1035.800048828125,9.300000190734863,2.9342775344848633,,,24.600000381469727,27.600000381469727,5.699999809265137,-0.135161221
"22 Jan 2020, 13:00:03",1440,1440,5100,,3.5416667461395264,,,,,,0
"22 Jan 2020, 14:34:16",452,417,1011.9000244140625,5,2.426618814468384,2.4146997928619385,,24.600000381469727,27.799999237060547,9.100000381469727,0.11858879029750824
"24 Jan 2020, 15:48:28",1500,1500,5400,,3.5999999046325684,,,,,,0
"28 Jan 2020, 19:08:54",1800,1800,6400,,3.555555582046509,,,,,,0
"7 Feb 2020, 18:48:20",1800,1800,6600,,3.6666667461395264,,,,,,0
"8 Feb 2020, 11:33:47",1800,1800,6700,,3.722222328186035,,,,,,0
"11 Feb 2020, 17:42:43",2700,2700,9900,,3.6666667461395264,,,,,,0
"16 Feb 2020, 12:53:06",1020,1020,7500,,7.352941036224365,,,,,,0
"21 Feb 2020, 19:18:37",2400,2400,9100,,3.7916667461395264,,,,,,0
"24 Feb 2020, 18:57:37",1200,1200,2666.666748046875,,2.222222328186035,,,,,,0
"25 Feb 2020, 17:45:06",1200,1200,2666.666748046875,,2.222222328186035,,,,,,0
"15 Mar 2020, 13:28:53",260,260,1000,,3.846153736114502,,,,,,0
"27 Mar 2020, 12:24:13",1848,1326,3082.199951171875,4.599999904632568,2.324434280395508,8.776877403259277,10.476880073547363,10.699999809265137,16,38.70000076293945,-0.055155408
"29 Mar 2020, 13:37:12",1866,1800,4024.5,4,2.2358334064483643,13.898679733276367,16.398700714111328,10.699999809265137,16,6.300000190734863,-0.062119517
"2 Apr 2020, 16:58:50",1383,1237,3023.5,4.099999904632568,2.4442198276519775,8.911283493041992,10.011280059814453,10.699999809265137,16,10.100000381469727,-0.036381677
"2 Apr 2020, 20:07:26",2061,1990,2184.300048828125,3.5,1.0976382493972778,3.2284390926361084,3.1284399032592773,10.199999809265137,13.699999809265137,5.599999904632568,0.004578126
"3 Apr 2020, 13:01:46",2442,2101,2224,3.5999999046325684,1.0585435628890991,3.1660714149475098,3.766071319580078,10.300000190734863,13.800000190734863,7.099999904632568,-0.026978416
"5 Apr 2020, 14:31:32",2213,2043,2227.100098,4.199999809265137,1.090112566947937,3.2548611164093018,3.3548600673675537,10.199999809265137,13.800000190734863,4.199999809265137,-0.004490144
"6 Apr 2020, 16:55:13",1426,1259,3084.300048828125,3.799999952316284,2.449801445007324,8.914069175720215,10.214070320129395,10.699999809265137,16,4.800000190734863,-0.042148948
"7 Apr 2020, 14:48:04",3927,3344,3848.699951171875,3.799999952316284,1.1509270668029785,4.068946838378906,4.068946838378906,10.199999809265137,14.600000381469727,5.599999904632568,0
"8 Apr 2020, 13:24:17",1963,1679,4030.300048828125,4.099999904632568,2.400416851043701,9.316709518432617,10.816710472106934,10.199999809265137,16,6,-0.037218072
"9 Apr 2020, 19:13:39",1990,1882,2163.399902,3.5999999046325684,1.149521827697754,3.1322221755981445,2.8322200775146484,10.199999809265137,13.699999809265137,9.600000381469727,0.013867060653865337
"10 Apr 2020, 17:10:53",2040,1868,2094,3.200000047683716,1.1209850311279297,3.1735293865203857,2.8735294342041016,10.300000190734863,13.699999809265137,3.799999952316284,0.014326647855341434
"14 Apr 2020, 13:11:02",3198,2910,3452.600098,8.300000190734863,1.1864604949951172,6.055344104766846,6.155340194702148,10,13.800000190734863,5.599999904632568,-0.002896368
"15 Apr 2020, 11:30:26",1414,1371,3087.600098,5.199999809265137,2.2520787715911865,6.144756794,7.544760227203369,10,15.699999809265137,3.700000047683716,-0.045342661
"16 Apr 2020, 14:46:34",2602,2312,5024,3.5999999046325684,2.1730103492736816,17.990131378173828,18.390100479125977,10.899999618530273,15.699999809265137,6.300000190734863,-0.007961784
"17 Apr 2020, 12:54:58",2539,2087,2386.699951171875,4.400000095367432,1.1436032056808472,3.5,3.5,10.300000190734863,13.800000190734863,3.0999999046325684,0
"18 Apr 2020, 13:16:14",2208,1718,4016.199951171875,4.400000095367432,2.3377182483673096,13.665471076965332,13.465499877929688,10.399999618530273,15.699999809265137,19.200000762939453,0.004979832
"19 Apr 2020, 20:10:07",655,629,763.0999755859375,3.5999999046325684,1.213195562362671,2.4535326957702637,2.053532600402832,11,13.699999809265137,4,0.05241777
"20 Apr 2020, 11:31:21",1498,1256,3117.199951171875,4.099999904632568,2.481847047805786,6.338237762451172,8.238240242004395,10,15.699999809265137,31.600000381469727,-0.060952138
"22 Apr 2020, 13:30:34",1843,1708,4014.899902,4.900000095367432,2.350644111633301,13.219318389892578,14.61929988861084,10.899999618530273,15.699999809265137,3.5999999046325684,-0.03487011
"23 Apr 2020, 12:13:22",2440,2246,2751.800048828125,7.300000190734863,1.2252004146575928,3.715217351913452,3.5152173042297363,10,13.800000190734863,5.800000190734863,0.00726797
"24 Apr 2020, 15:13:28",2817,2759,6030.299805,4.599999904632568,2.185683250427246,18.02341079711914,19.42340087890625,10.899999618530273,15.699999809265137,3.5,-0.023216093
"29 Apr 2020, 19:49:32",1384,1320,3084.199951171875,4.199999809265137,2.336515188217163,8.451186180114746,9.551190376281738,10.899999618530273,15.699999809265137,3,-0.03566565
"2 May 2020, 13:37:22",2172,2036,5035.5,4.300000190734863,2.473231792449951,13.770822525024414,16.470800399780273,10.300000190734863,15.699999809265137,9.199999809265137,-0.053619303
"7 May 2020, 12:32:39",2281,2129,2344.800048828125,3.799999952316284,1.1013621091842651,3.3305554389953613,3.730560064315796,10.199999809265137,13.699999809265137,11.300000190734863,-0.017059024
"8 May 2020, 15:44:26",961,798,2014.5999755859375,4.599999904632568,2.5245614051818848,7.467857360839844,7.267857074737549,10.899999618530273,15.699999809265137,11.600000381469727,0.009927529
"14 May 2020, 11:40:47",2740,1975,2731.899902,9.899999618530273,1.3832404613494873,7.081607818603516,6.981607913970947,10.300000190734863,14.5,6,0.003660456
"15 May 2020, 12:10:09",1338,1228,3016.899902,5.5,2.456758975982666,8.645013809204102,10.345009803771973,10.699999809265137,15.699999809265137,4.400000095367432,-0.056349233
"16 May 2020, 11:07:15",1902,1862,2599.300048828125,6.599999904632568,1.3959720134735107,4,3.200000047683716,10.300000190734863,14.399999618530273,5.599999904632568,0.030777517706155777
"20 May 2020, 19:30:22",1836,1744,1905.300048828125,3.5,1.0924885272979736,2.107142925262451,3.2071399688720703,10.300000190734863,13.399999618530273,5.699999809265137,-0.057733689
"22 May 2020, 10:56:39",567,424,1025.699951171875,4.199999809265137,2.4191038608551025,0,3.5999999046325684,10.300000190734863,14.100000381469727,3.700000047683716,-0.350979805
"24 May 2020, 10:37:32",1825,1678,4037.399902,3.9000000953674316,2.406078577041626,13.579361915588379,15.979399681091309,10.699999809265137,15.699999809265137,9.199999809265137,-0.059444197
"27 May 2020, 11:43:36",2288,2203,5013.100098,4.099999904632568,2.275578737258911,18.51628875732422,16.816299438476562,10.699999809265137,15.699999809265137,15.699999809265137,0.033911154
"1 Jun 2020, 19:34:39",6068,5835,7999.700195,5.900000095367432,1.3709853887557983,51.446895599365234,51.44689941,9.300000190734863,34.099998474121094,12.399999618530273,0
"2 Jun 2020, 20:07:10",2891,2766,6071.799805,4.099999904632568,2.195155382156372,21.867935180664062,21.167936325073242,10.899999618530273,15.699999809265137,7,0.011528706178069115
"4 Jun 2020, 20:28:18",1250,1190,3019.899902,5.699999809265137,2.537731170654297,8.453463554382324,9.753462791442871,10.899999618530273,15.699999809265137,10.5,-0.043047782
"8 Jun 2020, 09:36:52",962,801,2013.9000244140625,4.099999904632568,2.5142321586608887,7.926190376281738,6.526190280914307,10.699999809265137,15.699999809265137,4.400000095367432,0.06951686
"8 Jun 2020, 09:56:39",1861,1606,2184.699951171875,4.900000095367432,1.360336184501648,3.347747802734375,3.547747850418091,10.300000190734863,14.100000381469727,4.5,-0.009154575
"11 Jun 2020, 14:18:06",1450,1255,3027.600098,4,2.4124302864074707,7.633333206176758,7.433333396911621,10.199999809265137,14.899999618530273,6.5,0.006605892
"12 Jun 2020, 12:53:43",1737,1482,1896.4000244140625,4.400000095367432,1.2796220779418945,3.199232339859009,2.5992324352264404,10.300000190734863,13.899999618530273,9.199999809265137,0.031638894230127335
"13 Jun 2020, 11:47:03",1094,836,2049.600098,5.699999809265137,2.451674699783325,7.420676231384277,5.320676326751709,10.199999809265137,15,5.300000190734863,0.10245901346206665
"14 Jun 2020, 19:49:57",1521,1482,1968.9000244140625,3.5,1.3285424709320068,3.523611068725586,2.523611068725586,11.300000190734863,15.300000190734863,7.300000190734863,0.050789781
"15 Jun 2020, 18:50:05",2101,1903,2704.100098,5.800000190734863,1.4209668636322021,3.3789472579956055,3.5789473056793213,10.300000190734863,14.100000381469727,6.699999809265137,-0.007396176
"16 Jun 2020, 10:54:01",2028,1822,4031.199951171875,4.199999809265137,2.2125136852264404,8.117384910583496,7.917384624481201,10.199999809265137,14.800000190734863,7.400000095367432,0.004961302
"18 Jun 2020, 19:48:03",3080,2865,6188.100098,4.5,2.159895181655884,12.729762077331543,12.42976188659668,10.199999809265137,15.199999809265137,4.199999809265137,0.004848015
"19 Jun 2020, 20:05:32",4079,3031,4055.199951171875,4.900000095367432,1.3379082679748535,3.3577418327331543,3.4577419757843018,10.300000190734863,14.199999809265137,8.100000381469727,-0.00246597
"20 Jun 2020, 13:28:06",1589,1556,2165.899902,3.4000000953674316,1.3919665813446045,3.1678571701049805,3.267857074737549,10.300000190734863,13.899999618530273,4.300000190734863,-0.004617018
"4 Jul 2020, 21:03:56",1437,1415,2545.100098,3.0999999046325684,1.7986572980880737,2.8111112117767334,0.5111111402511597,10.199999809265137,13.100000381469727,6.199999809265137,0.090369731
"5 Jul 2020, 12:49:45",5775,5349,17300.09961,17.200000762939453,3.2342681884765625,17.82953643798828,18.02953529,5.699999809265137,14.699999809265137,4.599999904632568,-0.001156063
"6 Jul 2020, 12:09:11",1500,1500,2700,,1.7999999523162842,,,,,,0
"6 Jul 2020, 21:22:59",1860,1860,3100,,1.6666666269302368,,,,,,0
"7 Jul 2020, 10:10:22",1407,1077,2507.800048828125,4.199999809265137,2.328505039215088,6.916153907775879,6.216153621673584,10.199999809265137,15.199999809265137,6.300000190734863,0.027912911027669907
"7 Jul 2020, 19:46:08",1313,1313,1697.0999755859375,3.5,1.2925361394882202,3.581818103790283,3.581818103790283,11.300000190734863,15.300000190734863,4.699999809265137,0
"10 Jul 2020, 11:37:14",2399,2311,2888,4,1.2496755123138428,3.436923027038574,3.5369231700897217,10.300000190734863,13.899999618530273,4.5,-0.003462604
"12 Jul 2020, 10:03:53",933,870,2001.0999755859375,5.199999809265137,2.300114870071411,0,1.2000000476837158,10.199999809265137,12.300000190734863,1.7999999523162842,-0.059967019
"12 Jul 2020, 21:23:04",1746,1684,1973.9000244140625,3.5,1.172149658203125,3.182971715927124,3.682971715927124,10.300000190734863,14.100000381469727,6,-0.025330564
"16 Jul 2020, 12:00:01",1863,1863,3214.300048828125,5.800000190734863,1.7253354787826538,3.132608652114868,3.7326087951660156,10.199999809265137,14,6.699999809265137,-0.018666584
"16 Jul 2020, 20:22:28",2164,2072,2235.699951171875,3.5,1.0790058374404907,3.5,4.199999809265137,10.300000190734863,14.199999809265137,8.800000190734863,-0.031310104
"18 Jul 2020, 10:54:21",1838,1741,2165.5,3.4000000953674316,1.2438254356384277,2.971428632736206,3.7714285850524902,10.300000190734863,14.199999809265137,5.199999809265137,-0.03694297
"19 Jul 2020, 14:01:13",3176,3108,4049.100098,5.199999809265137,1.3027992248535156,4.686110973358154,4.686110973358154,10.199999809265137,15.300000190734863,7,0
"27 Jul 2020, 20:04:12",1693,1619,3536.5,3.5,2.184373140335083,9.711660385131836,9.411660194396973,10.199999809265137,15.699999809265137,5.300000190734863,0.008482964
"28 Jul 2020, 11:57:54",4791,3597,8088.799805,8.699999809265137,2.248762845993042,36.47600173950195,36.176002502441406,10.199999809265137,25.399999618530273,10.600000381469727,0.003708832
"28 Jul 2020, 19:49:36",2320,2185,2148.5,3.4000000953674316,0.983295202,3.414848566055298,2.6148483753204346,10.300000190734863,14.100000381469727,4.199999809265137,0.037235279
"29 Jul 2020, 19:59:31",2151,2014,2372.100098,3.4000000953674316,1.1778053045272827,6.085797309875488,5.785797119140625,10.300000190734863,14.199999809265137,5.599999904632568,0.012647021561861038
"3 Aug 2020, 19:58:08",2032,1907,2050.899902,3.4000000953674316,1.0754588842391968,3.0250000953674316,3.424999952316284,10.300000190734863,13.899999618530273,4.599999904632568,-0.019503633
"23 Aug 2020, 21:15:38",2305,2073,2145.600098,1.5,1.0350216627120972,2.8411765098571777,3.7411763668060303,10.5,15.300000190734863,4,-0.041946311
"26 Aug 2020, 19:59:38",1723,1625,3523.399902,3.4000000953674316,2.168246269226074,2.9000000953674316,4,10.199999809265137,13.100000381469727,3.799999952316284,-0.031219844
"30 Aug 2020, 19:41:45",1339,1319,3193,4,2.4207732677459717,3.700000047683716,6.5,10.100000381469727,15.199999809265137,4.300000190734863,-0.087691829
"2 Sep 2020, 20:42:41",1597,1435,1846.0999755859375,3,1.2864807844161987,3.0573365688323975,3.457336426,10.300000190734863,14.199999809265137,5.699999809265137,-0.021667298
"19 Sep 2020, 08:26:51",2003,1807,2206.399902,1.600000023841858,1.221029281616211,3.3949999809265137,2.7950000762939453,10.300000190734863,13.899999618530273,6,0.027193618938326836
"20 Sep 2020, 10:16:19",1977,1977,2493.600098,1.600000023841858,1.2613049745559692,4.099999904632568,3.700000047683716,9.699999809265137,13.899999618530273,4,0.016041064634919167
"27 Sep 2020, 11:32:00",2100,2100,15200,,7.238095283508301,,,,,,0
"28 Sep 2020, 16:42:15",2400,2400,18000,,7.5,,,,,,0
"7 Oct 2020, 11:09:06",888,734,876,1.7000000476837158,1.193460464477539,2.9794118404388428,3.479409933,10.699999809265137,13.899999618530273,33.29999923706055,-0.057077624
"8 Oct 2020, 16:33:06",2701,2701,20000,,7.404664993286133,,,,,,0
"10 Oct 2020, 11:05:05",8229,6603,8229.5,2.299999952316284,1.2463274002075195,56.46349334716797,57.36349868774414,10.600000381469727,34.099998474121094,33.29999923706055,-0.010936266
"12 Oct 2020, 16:32:46",2798,2798,21000,,7.505361080169678,,,,,,0
"15 Oct 2020, 18:32:40",1800,1800,13500,,7.5,,,,,,0
"19 Oct 2020, 16:30:54",2400,2400,18300,,7.625,,,,,,0
"20 Oct 2020, 16:35:00",1200,1200,9200,,7.666666507720947,,,,,,0
"21 Oct 2020, 06:40:05",1800,1800,14100,,7.833333492279053,,,,,,0
"24 Oct 2020, 08:30:12",1800,1800,14100,,7.833333492279053,,,,,,0
"24 Oct 2020, 09:39:37",1587,1498,1954.4000244140625,1.7000000476837158,1.3046729564666748,3.0625,2.862499952316284,10.5,13.699999809265137,33.29999923706055,0.010233319364488125
"26 Oct 2020, 17:34:31",3000,3000,23200,,7.733333110809326,,,,,,0
"31 Oct 2020, 10:33:36",1500,1500,11700,,7.800000190734863,,,,,,0
"3 Nov 2020, 07:36:35",2400,2400,18900,,7.875,,,,,,0
"10 Nov 2020, 08:03:56",1694,1670,2615.699951171875,2.700000047683716,1.5662873983383179,2.887878894805908,3.187880039215088,10.399999618530273,13.699999809265137,2.799999952316284,-0.011469205
"11 Nov 2020, 08:19:21",1016,946,1219.300048828125,2.5,1.288900614,2.505000114440918,2.505000114440918,10.899999618530273,13.5,3.700000047683716,0
"12 Nov 2020, 08:07:21",972,812,961.0999755859375,1.600000023841858,1.1836206912994385,2.4083333015441895,2.0083301067352295,11.100000381469727,13.699999809265137,33.29999923706055,0.041618977
"13 Nov 2020, 08:08:23",1870,1705,2608.800048828125,2.9000000953674316,1.530087947845459,2.799999952316284,2.9000000953674316,10.399999618530273,13.300000190734863,3.9000000953674316,-0.00383318
"17 Nov 2020, 08:23:46",1063,924,1098.4000244140625,1.600000023841858,1.1887445449829102,2.1600000858306885,2.259999990463257,11.100000381469727,13.5,33.29999923706055,-0.009104151
"18 Nov 2020, 08:28:49",960,923,1054.199951171875,1.5,1.1421451568603516,2.169767379760742,2.1697700023651123,11.100000381469727,13.399999618530273,3,0
"19 Nov 2020, 08:12:32",1136,948,1160.699951171875,1.600000023841858,1.2243671417236328,2.2638888359069824,2.4638900756835938,11.100000381469727,13.399999618530273,33.29999923706055,-0.017230982
"20 Nov 2020, 08:14:41",1030,923,1082.4000244140625,1.600000023841858,1.1726977825164795,2.186842203140259,2.486840009689331,11.100000381469727,13.699999809265137,3,-0.027716186
"21 Nov 2020, 12:50:37",7842,7405,8549.400391,1.600000023841858,1.1545442342758179,3.4000000953674316,3.5,6.599999904632568,10.100000381469727,33.29999923706055,-0.001169673
"24 Nov 2020, 08:16:15",1125,961,1095.0999755859375,1.7000000476837158,1.1395421028137207,2.186842203140259,2.486840009689331,11.100000381469727,13.699999809265137,4.599999904632568,-0.027394759
"25 Nov 2020, 09:31:13",4117,4073,5257.700195,1.7000000476837158,1.290866732597351,0,-0.400000006,8.199999809265137,9.899999618530273,33.29999923706055,0.007607889
"28 Nov 2020, 12:49:11",8684,8414,10815.7002,1.899999976158142,1.2854409217834473,18.422805786132812,18.122800827026367,4.800000190734863,11.399999618530273,6.199999809265137,0.002773746
"29 Nov 2020, 12:48:07",2749,2282,3041.800048828125,2.799999952316284,1.3329535722732544,4.099999904632568,3.9000000953674316,10.399999618530273,14.5,5.599999904632568,0.006575054
"1 Dec 2020, 08:08:50",1530,1317,1582.5999755859375,1.600000023841858,1.2016704082489014,2.177500009536743,2.177500009536743,11.100000381469727,13.399999618530273,7,0
"6 Dec 2020, 12:38:11",2400,2400,18600,,7.75,,,,,,0
"9 Dec 2020, 12:34:56",1800,1800,13200,,7.333333492279053,,,,,,0
"15 Dec 2020, 08:07:21",1408,1229,1510,1.7000000476837158,1.228641152381897,2.231579065322876,2.7315800189971924,11.100000381469727,13.899999618530273,33.29999923706055,-0.033112582
"16 Dec 2020, 16:47:36",2100,2100,16200,,7.714285850524902,,,,,,0
"18 Dec 2020, 20:11:51",1502,1398,1650.4000244140625,1.7000000476837158,1.1805436611175537,4.269230842590332,4.269229888916016,10.5,14.899999618530273,33.29999923706055,0
"19 Dec 2020, 21:25:43",2727,2400,2817,1.7000000476837158,1.1737500429153442,5.285366058349609,5.185365676879883,10.5,15.800000190734863,3.9000000953674316,0.003549876
"20 Dec 2020, 11:11:43",2112,2092,4106.799805,2.9000000953674316,1.9630975723266602,6.273690700531006,6.273690223693848,10.399999618530273,14.5,4.400000095367432,0
"28 Dec 2020, 11:43:38",3832,3256,3480.899902,1.600000023841858,1.0690724849700928,8.4375,8.9375,10.399999618530273,13.800000190734863,3.799999952316284,-0.014364101
"1 Jan 2021, 12:52:52",1640,1635,3289,2.700000047683716,2.0116207599639893,3.075000047683716,2.875,10.399999618530273,14.399999618530273,3.5999999046325684,0.006080876
"2 Jan 2021, 13:18:52",6655,6445,7612.200195,1.7000000476837158,1.181101679801941,54.22771453857422,54.12770080566406,10,33.79999923706055,33.29999923706055,0.001313681
"3 Jan 2021, 12:58:58",1966,1919,3772.5,3,1.9658676385879517,3.1424243450164795,3.442420006,10.399999618530273,14.5,8.300000190734863,-0.007952286
"4 Jan 2021, 14:00:59",2037,1899,2536.199951171875,1.899999976158142,1.3355450630187988,2.8214285373687744,2.821429967880249,10.399999618530273,13.399999618530273,3.9000000953674316,0
"5 Jan 2021, 21:50:10",2397,2379,2972.800048828125,1.7000000476837158,1.2496006488800049,5.400260925292969,5.500259876251221,10.399999618530273,13.5,3.799999952316284,-0.003363832
"6 Jan 2021, 08:07:56",2123,1435,2004.4000244140625,1.899999976158142,1.3967944383621216,3.0999999046325684,3.0999999046325684,10.399999618530273,13.5,7.199999809265137,0
"7 Jan 2021, 20:54:28",2043,1839,3508.199951171875,3,1.9076671600341797,10.351934432983398,11.051899909973145,11.100000381469727,15.800000190734863,3,-0.019953253
"8 Jan 2021, 20:06:31",2041,1993,2545.199951171875,1.899999976158142,1.2770696878433228,2.8731706142425537,2.8731698989868164,10.399999618530273,13.399999618530273,3.5,0
"9 Jan 2021, 14:34:29",4252,3927,4640.299805,1.7000000476837158,1.1816399097442627,18.171428680419922,18.071399688720703,10.399999618530273,25.600000381469727,33.29999923706055,0.002155033
"10 Jan 2021, 20:36:55",3633,3391,4746.100098,1.899999976158142,1.3996165990829468,18.160526275634766,18.260499954223633,10.399999618530273,25.600000381469727,50,-0.002106993
"11 Jan 2021, 20:49:44",2072,2062,3871.699951171875,2.5,1.877643108,12.237142562866211,12.137100219726562,11.100000381469727,15.800000190734863,3.299999952316284,0.002582845
"12 Jan 2021, 18:29:08",4139,4089,5779.899902,2.200000047683716,1.4135240316390991,28.828332901000977,28.82830047607422,10.399999618530273,34.29999923706055,20,0
"13 Jan 2021, 20:32:29",2455,2427,3159,1.7000000476837158,1.3016068935394287,6.125,5.525000095367432,10.399999618530273,14.100000381469727,3.799999952316284,0.018993351608514786
"14 Jan 2021, 20:49:01",3171,3038,3922.600098,1.7000000476837158,1.2911784648895264,5.607591629,6.007589817047119,11.5,15.800000190734863,50,-0.010197318
"15 Jan 2021, 20:28:41",3895,3662,4261.200195,1.7000000476837158,1.1636264324188232,7.067083358764648,6.967080116271973,11.100000381469727,15.800000190734863,40,0.002346757
"16 Jan 2021, 17:23:57",2026,1937,2588.899902,1.7999999523162842,1.336551308631897,4.695555686950684,4.995560169219971,11.100000381469727,15.800000190734863,33.29999923706055,-0.011587933
"17 Jan 2021, 20:15:03",4258,4221,5764.5,1.7999999523162842,1.3656716346740723,28.831148147583008,28.931100845336914,10.399999618530273,34.20000076293945,7.5,-0.001734756
"18 Jan 2021, 19:55:32",3632,3415,4686.399902,1.7000000476837158,1.3722987174987793,17.929588317871094,18.22960090637207,10.399999618530273,25.600000381469727,33.29999923706055,-0.006401502
"19 Jan 2021, 21:32:58",1975,1964,3780.399902,2.5,1.9248472452163696,9.352923393249512,8.952919960021973,11.100000381469727,15.800000190734863,2.9000000953674316,0.010580891
"20 Jan 2021, 20:05:16",1234,1142,1569.199951171875,1.7999999523162842,1.3740805387496948,4.291428565979004,3.891429901123047,10.5,14.899999618530273,3.9000000953674316,0.025490695610642433
"21 Jan 2021, 20:40:02",4615,4321,5818.5,1.7999999523162842,1.3465633392333984,28.942962646484375,29.042999267578125,10.399999618530273,34.29999923706055,33.29999923706055,-0.001718656
"22 Jan 2021, 07:55:50",2384,2267,3022.5,1.899999976158142,1.3332598209381104,5.268137454986572,5.468140125274658,10.399999618530273,13.5,33.29999923706055,-0.006617039
"23 Jan 2021, 20:15:42",2700,2425,3195.399902,1.7999999523162842,1.3176907300949097,6.380342007,6.280340194702148,10.399999618530273,14.300000190734863,3.700000047683716,0.003129499
"24 Jan 2021, 21:37:40",4833,4225,4523,1.5,1.0705325603485107,19.06091881,19.160900115966797,10.399999618530273,26.799999237060547,33.29999923706055,-0.002210922
"25 Jan 2021, 21:39:41",846,831,1008.7000122070312,1.600000023841858,1.2138386964797974,2.0975000858306885,2.197499990463257,11.100000381469727,13.399999618530273,3.700000047683716,-0.00991375
"26 Jan 2021, 17:52:48",1947,1300,1658.9000244140625,1.600000023841858,1.2760769128799438,4.978571415,4.978569984436035,10.600000381469727,13.5,3.9000000953674316,0
"27 Jan 2021, 20:33:54",1778,1766,3578.100098,2.799999952316284,2.026104211807251,8.024541854858398,7.7245402336120605,11.100000381469727,15.800000190734863,3,0.008384338
"27 Jan 2021, 21:05:53",1021,827,1086.300048828125,1.899999976158142,1.3135429620742798,2.299999952316284,2.299999952316284,11.100000381469727,13.399999618530273,5.099999904632568,0
"28 Jan 2021, 10:59:35",6762,6431,8404.700195,2,1.3069040775299072,58.24728012084961,58.24729919433594,10.5,34.5,50,0
"29 Jan 2021, 22:02:58",2646,2317,3086.699951171875,1.899999976158142,1.332196831703186,6.196491241455078,5.896490097045898,10.399999618530273,13.899999618530273,4.5,0.009719118
"30 Jan 2021, 21:21:33",1901,1666,3034.300048828125,3.0999999046325684,1.8213084936141968,6.789285659790039,6.989285945892334,10.399999618530273,14.699999809265137,4,-0.006591306
"31 Jan 2021, 10:46:13",2411,2406,5061.100098,3,2.1035327911376953,25.94836998,26.04840087890625,10.399999618530273,34.29999923706055,7,-0.001975855
"1 Feb 2021, 21:37:05",2259,2047,3080.800048828125,2.799999952316284,1.505031704902649,6.756249904632568,6.856249809265137,10.399999618530273,14.699999809265137,3.9000000953674316,-0.00324591
"2 Feb 2021, 21:02:00",1024,1024,1200,,1.171875,,,,,,0
"3 Feb 2021, 21:01:09",1533,1039,1307.300048828125,2.299999952316284,1.2582290172576904,2.0999999046325684,2.700000047683716,11.100000381469727,13.899999618530273,3.700000047683716,-0.04589612
"4 Feb 2021, 22:44:08",743,726,1004.5999755859375,1.7999999523162842,1.3837465047836304,2.1475000381469727,2.1475000381469727,11.100000381469727,13.399999618530273,2.9000000953674316,0
"5 Feb 2021, 19:26:36",2307,2242,3181.899902,3,1.4192239046096802,6.832665920257568,6.9326701164245605,10.399999618530273,14.899999618530273,6,-0.003142776
"6 Feb 2021, 13:43:00",820,820,1100,,1.3414634466171265,,,,,,0
"7 Feb 2021, 17:15:07",2123,2123,3166,1.899999976158142,1.4912859201431274,8.803448677062988,8.903450012207031,10.300000190734863,19.399999618530273,7.099999904632568,-0.00315856
"8 Feb 2021, 21:00:00",2354,2105,3087.300048828125,3,1.4666508436203003,6.764102458953857,6.864099979400635,10.399999618530273,14.800000190734863,4.300000190734863,-0.003239076
"9 Feb 2021, 20:15:38",2603,1609,2016.199951171875,1.899999976158142,1.253076434135437,5.9052629470825195,5.905260086,10.600000381469727,13.800000190734863,33.29999923706055,0
"10 Feb 2021, 20:54:23",1118,962,1117.199951171875,1.899999976158142,1.1613305807113647,2.299999952316284,2.4000000953674316,11.100000381469727,13.5,3.700000047683716,-0.008950949
"11 Feb 2021, 20:13:03",965,844,1064.5,2.0999999046325684,1.2612559795379639,2.200000047683716,2.4000000953674316,11.100000381469727,13.5,3.700000047683716,-0.018788163
"12 Feb 2021, 22:01:57",708,708,1008.5999755859375,1.899999976158142,1.4245762825012207,2.141176462173462,2.041179895401001,11.100000381469727,13.399999618530273,3.700000047683716,0.009914733
"13 Feb 2021, 12:48:10",2247,1504,2016.300048828125,1.7999999523162842,1.3406250476837158,5.648648738861084,5.548649787902832,10.600000381469727,13.800000190734863,33.29999923706055,0.00495958
"14 Feb 2021, 17:05:04",1672,1411,3044.899902,2.9000000953674316,2.157973051071167,6.400000095367432,6.599999904632568,10.399999618530273,15,33.29999923706055,-0.00656836
"15 Feb 2021, 21:52:38",1780,1780,1900,,1.067415714263916,,,,,,0
"16 Feb 2021, 19:57:34",1335,1335,1700,,1.273408294,,,,,,0
"17 Feb 2021, 21:18:33",2580,2508,3157.300048828125,1.7999999523162842,1.2588915824890137,6.520742893218994,6.720739841461182,10.399999618530273,14.699999809265137,6.900000095367432,-0.006334526
"18 Feb 2021, 21:15:45",1008,913,1038.5999755859375,1.7999999523162842,1.137568473815918,2.0325000286102295,2.0325000286102295,11.100000381469727,13.300000190734863,33.29999923706055,0
"19 Feb 2021, 21:05:27",852,837,1055.300048828125,2.4000000953674316,1.2608124017715454,2.0241379737854004,2.024139881134033,11.100000381469727,13.300000190734863,3.5,0
"20 Feb 2021, 11:38:39",2295,2257,2708.100098,1.7000000476837158,1.1998671293258667,2.715789556503296,2.6157898902893066,10.399999618530273,13.300000190734863,33.29999923706055,0.003692626
"20 Feb 2021, 16:50:51",1801,1707,3646.199951171875,2.4000000953674316,2.1360280513763428,8.463333129882812,5.063330173492432,8.800000190734863,14.399999618530273,3.9000000953674316,0.093247764
"21 Feb 2021, 22:09:25",2099,2099,2401.601806640625,,1.144164800643921,,,,,,0
"22 Feb 2021, 21:14:58",1650,1615,1950.800048828125,1.5,1.2079256772994995,2.69069767,2.5906999111175537,10.5,13.399999618530273,3.0999999046325684,0.005126102
"23 Feb 2021, 21:27:21",2035,1647,1893.9000244140625,1.5,1.1499089002609253,2.9000000953674316,2.799999952316284,10.5,13.399999618530273,22.200000762939453,0.00528011
"24 Feb 2021, 21:52:45",780,780,1200,,1.5384615659713745,,,,,,0
"25 Feb 2021, 16:52:39",1910,1853,2085.199951171875,1.7999999523162842,1.1253103017807007,2.6549999713897705,2.6549999713897705,10.5,13.399999618530273,3.5999999046325684,0
"26 Feb 2021, 20:09:06",1511,1423,3025.399902,2.700000047683716,2.1260716915130615,6.404545307159424,6.504549980163574,10.399999618530273,14.899999618530273,5.900000095367432,-0.003305348
"27 Feb 2021, 12:49:53",2047,2001,2020,1.600000023841858,1.0094952583312988,2.5840909481048584,2.784090042114258,10.5,13.5,33.29999923706055,-0.00990099
"28 Feb 2021, 16:58:25",2420,2293,2755,1.7999999523162842,1.2014827728271484,2.802325487136841,2.8023300170898438,10.399999618530273,13.399999618530273,3,0
"1 Mar 2021, 17:42:45",1703,998,1478,1.899999976158142,1.4809619188308716,6.099999904632568,6,10.600000381469727,13.800000190734863,3.5999999046325684,0.0067659
"2 Mar 2021, 20:22:20",2314,2283,3060.899902,2.9000000953674316,1.340735912322998,6.488650798797607,6.588650226593018,10.399999618530273,14.800000190734863,33.29999923706055,-0.003267013
"4 Mar 2021, 21:44:39",1506,1033,1134,1.7999999523162842,1.0977734327316284,2.299999952316284,2.200000047683716,11.100000381469727,13.399999618530273,50,0.008818342
"5 Mar 2021, 19:33:25",2442,1878,2015.699951171875,1.7999999523162842,1.0733226537704468,2.700000047683716,3,10.5,13.5,33.29999923706055,-0.014883167
"6 Mar 2021, 09:19:34",2362,2330,3131.100098,2,1.3438197374343872,6.455218315124512,6.555220127105713,10.399999618530273,14.5,4,-0.003193766
"7 Mar 2021, 17:27:34",2353,1652,3639.199951171875,3.4000000953674316,2.2029056549072266,3.3733694553375244,6.773369789123535,8.800000190734863,14.399999618530273,2.9000000953674316,-0.093427129
"8 Mar 2021, 17:58:25",1838,1088,1506.699951171875,1.7000000476837158,1.3848345279693604,6.005128383636475,6.005128383636475,10.600000381469727,13.800000190734863,3.5999999046325684,0
"8 Mar 2021, 20:17:26",1001,917,1034,1.7999999523162842,1.1275899410247803,2.0487804412841797,2.0487804412841797,11.100000381469727,13.399999618530273,3,0
"9 Mar 2021, 19:36:15",1516,1498,1645.300048828125,1.600000023841858,1.098331093788147,4.2906975746154785,3.890697717666626,10.5,14.899999618530273,4,0.024311674758791924
"10 Mar 2021, 19:39:01",904,854,1039.9000244140625,2.200000047683716,1.2176815271377563,2.0714285373687744,2.171428680419922,11.100000381469727,13.5,2.799999952316284,-0.009616309
"13 Mar 2021, 20:21:32",1777,1757,1969.300048828125,1.600000023841858,1.120831013,2.5975000858306885,2.697499990463257,10.5,13.399999618530273,33.29999923706055,-0.005077946
"14 Mar 2021, 20:02:51",1260,766,1007.7999877929688,1.7999999523162842,1.315665841,2.200000047683716,2.4000000953674316,11.100000381469727,13.5,2.9000000953674316,-0.019845208
"15 Mar 2021, 18:04:13",926,510,692.9000244140625,1.5,1.358627438545227,0,0,12.100000381469727,13.5,1.7999999523162842,0
"16 Mar 2021, 17:47:06",744,744,1009,1.7000000476837158,1.3561828136444092,2.204444408416748,2.3044445514678955,11.100000381469727,13.5,2.799999952316284,-0.009910802
"18 Mar 2021, 19:42:24",247,4,1.399999976158142,0.30000001192092896,0.3499999940395355,0,1.2000000476837158,12.100000381469727,13.5,0,-85.7142868
"19 Mar 2021, 08:16:54",1497,1374,3025.800048828125,3.299999952316284,2.202183485031128,6.912499904632568,6.512499809265137,10.399999618530273,14.699999809265137,7.699999809265137,0.013219644
"20 Mar 2021, 16:15:24",1544,1544,1347.9000244140625,3.299999952316284,0.872992218,0,0,13.699999809265137,13.699999809265137,0,0
"21 Mar 2021, 21:47:55",1342,1258,2519.699951171875,3,2.002941131591797,3.229032278060913,2.6290299892425537,10.399999618530273,13.800000190734863,18.200000762939453,0.023812359
"22 Mar 2021, 20:49:14",1635,1570,2012.300048828125,1.899999976158142,1.2817198038101196,3.4369564056396484,2.9369564056396484,10.5,14,33.29999923706055,0.024847188964486122
"24 Mar 2021, 20:35:27",1780,1449,1849.300048828125,1.7000000476837158,1.2762595415115356,2.799999952316284,2.9000000953674316,10.5,13.5,33.29999923706055,-0.005407452
"25 Mar 2021, 18:10:25",1307,1067,1558.300048828125,1.7000000476837158,1.4604498147964478,6.2528300285339355,5.952829837799072,10.600000381469727,13.800000190734863,7.099999904632568,0.019251749
"25 Mar 2021, 21:37:00",1717,1647,1970.9000244140625,2.299999952316284,1.1966606378555298,2.6710526943206787,2.771049976348877,10.5,13.5,33.29999923706055,-0.005073824
"27 Mar 2021, 13:23:20",1502,1502,1752.199951171875,1.7999999523162842,1.166577935218811,2.5303030014038086,2.630303144454956,10.600000381469727,13.399999618530273,4,-0.005707111
"27 Mar 2021, 14:56:47",3003,2134,2913.800048828125,1.7000000476837158,1.3654170036315918,5.315643310546875,4.515643119812012,9.5,15,8.300000190734863,0.027455557137727737
"28 Mar 2021, 20:31:01",1685,1630,1929,1.600000023841858,1.1834355592727661,2.6315789222717285,2.731579065322876,10.5,13.399999618530273,4,-0.005184033
"31 Mar 2021, 19:37:13",1853,1638,2006.300048828125,1.600000023841858,1.2248473167419434,2.7727272510528564,2.872727155685425,10.5,13.5,3,-0.0049843
"2 Apr 2021, 13:17:50",6928,4251,5026.100098,1.7999999523162842,1.1823335886001587,12.060297012329102,12.060297012329102,35.900001525878906,48.29999923706055,33.29999923706055,0
"3 Apr 2021, 20:43:00",1460,1161,1367.699951171875,1.7000000476837158,1.1780362129211426,2.0815789699554443,2.1815788745880127,11.100000381469727,13.5,3,-0.007311545
"5 Apr 2021, 14:17:14",3544,2655,2757.100098,2.200000047683716,1.0384557247161865,0,0,9.300000190734863,11.199999809265137,3.9000000953674316,0
"6 Apr 2021, 15:51:24",1690,1147,1557.5999755859375,1.7999999523162842,1.3579773902893066,6.205714225769043,6.005714416503906,10.600000381469727,13.800000190734863,4.400000095367432,0.012840267270803452
"9 Apr 2021, 13:33:32",915,823,1026.4000244140625,2.0999999046325684,1.2471445798873901,2.0250000953674316,2.125,11.100000381469727,13.399999618530273,25,-0.00974279
"10 Apr 2021, 12:21:41",736,701,827,1.5,1.1797431707382202,2.308108091,2.108109951019287,11.100000381469727,13.5,2.799999952316284,0.024183797
"10 Apr 2021, 18:19:13",1846,1608,2067.699951171875,1.899999976158142,1.2858830690383911,3.0945944786071777,3.0945944786071777,10.300000190734863,13.399999618530273,3.5,0
"12 Apr 2021, 13:10:49",970,932,1062.0999755859375,2.0999999046325684,1.1395922899246216,0,0,11.100000381469727,13.300000190734863,33.29999923706055,0
"12 Apr 2021, 16:30:00",2700,2700,18600,,6.888888835906982,,,,,,0
"12 Apr 2021, 20:06:24",1493,1424,1614.800048828125,1.5,1.1339887380599976,4.264999866485596,3.9649999141693115,10.5,14.899999618530273,50,0.018578151240944862
"17 Apr 2021, 10:48:25",807,729,839.2000122070312,1.600000023841858,1.1511659622192383,2.2714285850524902,2.371429920196533,11.100000381469727,13.5,2.9000000953674316,-0.01191611
"17 Apr 2021, 15:15:10",1505,1487,2032.5999755859375,2,1.3669131994247437,2.674999952316284,2.674999952316284,10.5,13.399999618530273,4,0
"20 Apr 2021, 13:16:31",1373,1117,1238.0999755859375,1.899999976158142,1.1084153652191162,2.220588207244873,2.220588207244873,10.899999618530273,13.300000190734863,8.199999809265137,0
"21 Apr 2021, 18:30:09",3949,3579,4653.600098,2,1.3002514839172363,0,0.10000000149011612,8.5,10.399999618530273,3.200000047683716,-0.002148874
"24 Apr 2021, 11:14:55",1790,1600,2051.300048828125,1.899999976158142,1.2820625305175781,2.799999952316284,2.799999952316284,10.5,13.300000190734863,3.700000047683716,0
"30 Apr 2021, 18:29:10",3807,3595,4508.100098,1.600000023841858,1.2539916038513184,15.990701675415039,15.790701866149902,6.900000095367432,14.5,4.800000190734863,0.004436459
"1 May 2021, 15:58:09",1849,1730,2100.399902,1.899999976158142,1.2141040563583374,2.6657142639160156,2.6657142639160156,10.5,13.399999618530273,3,0
"7 May 2021, 18:59:56",2274,2202,2050.5,1.600000023841858,0.9311988949775696,2.8681817054748535,2.8681817054748535,10.300000190734863,13.399999618530273,3,0
"9 May 2021, 10:24:04",2161,2002,2420.300048828125,1.7000000476837158,1.208941102027893,3,3,10.399999618530273,13.399999618530273,25,0
"11 May 2021, 20:48:30",1960,1831,1942.0999755859375,1.7000000476837158,1.060677170753479,2.658484697341919,2.7584846019744873,10.399999618530273,13.5,3.700000047683716,-0.005149066
"30 May 2021, 11:07:27",2769,2769,2289.5,1.5,0.8268327713012695,2.9000000953674316,2.5,10.5,13.399999618530273,3.799999952316284,0.017471063882112503
"3 Jun 2021, 20:09:43",1812,1780,2208.5,1.7999999523162842,1.2407302856445312,2.700000047683716,2.9000000953674316,10.5,13.399999618530273,33.29999923706055,-0.00905592
"25 Jun 2021, 19:53:54",2787,2308,2551.800048828125,1.399999976158142,1.1056325435638428,9.199620246887207,9.099620819091797,14.300000190734863,19.799999237060547,5.699999809265137,0.003918802
"4 Jul 2021, 11:03:49",1167,876,885.0999755859375,1.899999976158142,1.0103881359100342,2.299999952316284,3.0999999046325684,15.699999809265137,18.799999237060547,50,-0.090385266
"16 Jul 2021, 18:42:55",3136,2937,3694.899902,1.7000000476837158,1.2580524682998657,18.221025466918945,19.021026611328125,3.5999999046325684,20.399999618530273,33.29999923706055,-0.021651465
"26 Jul 2021, 20:25:41",430,358,422.20001220703125,1.600000023841858,1.1793296337127686,0,0.10000000149011612,16,18,2,-0.023685457
"15 Aug 2021, 12:18:22",8153,2661,3404.399902,1.7000000476837158,1.2793686389923096,62.47209167480469,62.67209243774414,12.5,72.69999694824219,33.29999923706055,-0.00587475
"16 Aug 2021, 13:52:07",5665,3934,4259.299805,1.600000023841858,1.0826894044876099,140.86549377441406,137.0655059814453,7.199999809265137,135.60000610351562,40,0.089216538
"24 Aug 2021, 12:30:19",13628,5145,5198.5,1.7000000476837158,1.0103983879089355,94.77293395996094,94.77293395996094,0,74.90000153,47.900001525878906,0
"25 Aug 2021, 10:54:32",9248,5211,6244.200195,1.7000000476837158,1.198272943496704,127.00624084472656,123.30624389648438,127.5999984741211,165.1999969482422,11,0.059254989
"26 Aug 2021, 16:58:02",2451,1942,2617.899902,1.899999976158142,1.3480432033538818,6.802052974700928,7.102053165435791,4.699999809265137,9.800000190734863,2,-0.011459567
"11 Sep 2021, 19:12:52",1224,1130,1295.9000244140625,1.600000023841858,1.1468141078948975,9.790101051330566,10.09010124206543,8,18.899999618530273,33.29999923706055,-0.023149934
"18 Sep 2021, 09:45:08",1414,1252,1353.9000244140625,1.7999999523162842,1.0813897848129272,10.143964767456055,10.343964576721191,8,18.899999618530273,33.29999923706055,-0.014772139
"8 Dec 2021, 07:10:14",480,346,427.6600036621094,1.7139999866485596,1.2360115051269531,0,0,16.100000381469727,18,33.33333206176758,0
"31 Jan 2022, 20:21:30",1601,1546,1943.5,1.8011428117752075,1.257115125656128,10.848780632019043,10.648780822753906,8,18.899999618530273,6.849315166473389,0.010290713049471378
"8 Feb 2022, 21:59:53",7220,1576,1782.1199951171875,1.8700000047683716,1.1307867765426636,10.868292808532715,11.068292617797852,8,18.899999618530273,17.5,-0.011222589
"18 Feb 2022, 08:21:01",1344,1074,1339.22998,1.845263123512268,1.2469552755355835,10.837838172912598,10.937837600708008,8,18.899999618530273,9.756097793579102,-0.007466977
"26 Feb 2022, 11:33:49",1739,1670,1772.969970703125,1.4458823204040527,1.0616587400436401,10.631342887878418,11.131342887878418,4.5,15.800000190734863,6.7698259353637695,-0.028201267
"9 Mar 2022, 08:52:00",1682,1499,1574.6800537109375,1.7000000476837158,1.0504870414733887,10.800000190734863,10.399999618530273,8.100000381469727,18.899999618530273,31.25,0.025401987
"19 Mar 2022, 10:31:15",1414,1172,1350.52002,1.8693599700927734,1.1523208618164062,10.634883880615234,10.434884071350098,8.100000381469727,18.799999237060547,31.25,0.014809110201895237
"15 Apr 2022, 08:45:00",1920,1895,2578.969970703125,1.8179999589920044,1.3609340190887451,13.456339836120605,13.656339645385742,4.5,18.899999618530273,6.704980850219727,-0.007755034
"18 Apr 2022, 11:59:09",1223,1135,1399.1500244140625,1.7000000476837158,1.2327312231063843,10.800000190734863,10.699999809265137,8.100000381469727,18.899999618530273,8.513189315795898,0.007147197
"18 Apr 2022, 18:26:12",2794,2093,2252.489990234375,1.631666660308838,1.0762016773223877,3.8478260040283203,3.7478299140930176,4.300000190734863,8.300000190734863,38.46154022216797,0.004439531
"19 Apr 2022, 18:31:27",3818,3681,4334.790039,1.6660000085830688,1.177612066268921,34.56898880004883,34.368988037109375,3.5999999046325684,23,34.482757568359375,0.004613834
"25 Apr 2022, 19:20:15",2231,2037,2490.439941,1.8316923379898071,1.2226018905639648,13.199999809265137,13.199999809265137,8.100000381469727,21.299999237060547,37.03703689575195,0
"26 Apr 2022, 05:45:03",1227,1118,2351.669922,2.559999942779541,2.103461503982544,13.028717994689941,12.928717613220215,14.699999809265137,21.299999237060547,7.042253494262695,0.004252297
"26 Apr 2022, 18:56:29",2026,1837,1865.3499755859375,1.4435555934906006,1.0154327154159546,13.190476417541504,13.090476036071777,8.100000381469727,21.299999237060547,23.809524536132812,0.005360924
"3 May 2022, 05:46:23",1412,1405,3107.340087890625,2.6440000534057617,2.211629867553711,17.244905471801758,17.344905853271484,14.699999809265137,21.299999237060547,3.7243947982788086,-0.003218187
"4 May 2022, 05:48:43",1497,1460,3051.989990234375,2.3440001010894775,2.0904040336608887,17.25433349609375,17.154333114624023,14.699999809265137,21.299999237060547,7.692307472229004,0.003276551
"6 May 2022, 07:38:19",1497,1470,3117.699951171875,2.509999990463257,2.120884418487549,17.253999710083008,16.95400047302246,14.699999809265137,21.299999237060547,13.392857551574707,0.009622478
"7 May 2022, 13:48:36",1281,1143,1234.8199462890625,1.5463999509811401,1.0803325176239014,10.800000190734863,8,8.100000381469727,18.899999618530273,9.225091934204102,0.22675369679927826
"10 May 2022, 19:29:23",2867,2034,1936.4200439453125,1.4980000257492065,0.9520255923271179,14.70073413848877,12.70073413848877,-0.400000006,14.699999809265137,45.20000076293945,0.10328337550163269
"18 May 2022, 05:34:24",1366,1360,3085.5,2.878000020980835,2.268749952316284,17.235437393188477,17.63543701171875,14.699999809265137,21.299999237060547,4.520795822143555,-0.012963863
"23 May 2022, 05:52:29",362,358,717.8300170898438,2.4000000953674316,2.0051116943359375,4.168000221252441,4.268000126,14.699999809265137,18.899999618530273,4.930966377258301,-0.013930875
"25 May 2022, 05:42:04",1432,1429,3102.939941,2.8480000495910645,2.1714065074920654,17.254371643066406,17.15437126159668,14.699999809265137,21.299999237060547,5.819592475891113,0.00322275
"27 May 2022, 05:45:51",1697,1693,3591.419922,2.944000005722046,2.1213347911834717,19.62231445,19.322315216064453,14.699999809265137,21.299999237060547,4.599815845489502,0.008353242
"27 May 2022, 20:06:26",1597,1597,1736.800048828125,1.690000057220459,1.0875390768051147,13.302325248718262,13.702325820922852,8.100000381469727,16,41.66666793823242,-0.023030862
"30 May 2022, 19:54:46",3798,3559,4622.149902,2.125999927520752,1.2987215518951416,33.00007629394531,32.600074768066406,3.5999999046325684,21.399999618530273,32.25806427001953,0.008653982
"1 Jun 2022, 06:16:58",1802,1584,1879.72998,1.7254633903503418,1.1866981983184814,10.800000190734863,10.699999809265137,8.100000381469727,18.899999618530273,10.967098236083984,0.005319913
"2 Jun 2022, 09:28:00",8920,7907,10301.04004,1.9084210395812988,1.3027747869491577,61.302101135253906,60.902103424072266,3.5999999046325684,26.299999237060547,11,0.003883103
"8 Jun 2022, 06:18:13",1107,1076,1292.989990234375,1.670062542,1.201663613319397,10.800000190734863,10.699999809265137,8.100000381469727,18.899999618530273,30.303030014038086,0.007734012
"9 Jun 2022, 06:13:18",1218,1113,1350.0999755859375,1.733685017,1.213027834892273,10.560976028442383,10.660975456237793,8.100000381469727,18.799999237060547,41.66666793823242,-0.007406859
"10 Jun 2022, 16:11:40",2040,2009,4340.959961,3.1500000953674316,2.1607565879821777,23.80597686767578,23.705976486206055,14.699999809265137,21.299999237060547,4.659832478,0.002303638
"12 Jun 2022, 10:11:23",1450,1445,3068.399902,3.130000114440918,2.123460292816162,17.245290756225586,17.14529037475586,14.699999809265137,21.299999237060547,4.980079650878906,0.003259028
"15 Jun 2022, 05:57:12",1417,1398,3084.810059,2.759999990463257,2.20658803,17.271739959716797,16.971738815307617,14.699999809265137,21.299999237060547,5.258544922,0.009725072
"17 Jun 2022, 06:42:10",1311,1098,1314.030029296875,1.6299999952316284,1.1967486143112183,10.800000190734863,10.800000190734863,8.100000381469727,18.899999618530273,8.720930099487305,0
"18 Jun 2022, 10:43:56",865,743,1329.199951171875,2.950000047683716,1.7889636754989624,10.77931022644043,10.479310035705566,8.100000381469727,18.899999618530273,7.537688255310059,0.022569967433810234
"21 Jun 2022, 06:56:45",1189,1073,1337.97998,1.735298991203308,1.2469524145126343,10.684615135192871,10.384614944458008,8.100000381469727,18.899999618530273,7.9051384925842285,0.022421859204769135
"22 Jun 2022, 06:14:39",1201,1165,1337.969970703125,1.808421015739441,1.1484720706939697,10.679545402526855,9.979545593261719,8.100000381469727,18.899999618530273,9.425070762634277,0.052318062633275986
"30 Jun 2022, 06:14:29",1120,1115,2406.679931640625,2.4059998989105225,2.1584575176239014,13.086775779724121,12.186800003051758,14.699999809265137,21.299999237060547,4.520795822143555,0.037395913153886795
"3 Jul 2022, 18:46:08",1967,1739,1933.1099853515625,1.8154000043869019,1.111621618270874,10.800000190734863,10.699999809265137,8.100000381469727,18.899999618530273,31.25,0.005173011
"4 Jul 2022, 05:50:48",1393,1388,3024.030029296875,2.4560000896453857,2.1786959171295166,16.641666412353516,17.941667556762695,14.699999809265137,18.899999618530273,4.464285850524902,-0.042988993
"16 Jul 2022, 21:09:57",2469,2370,5019.529785,3.211332082748413,2.1179449558258057,29.048093795776367,27.348093032836914,14.699999809265137,18.899999618530273,27.300262451171875,0.033867713
"22 Jul 2022, 18:43:07",2347,2205,5033.930176,4.402050971984863,2.282961607,29.1152401,29.31524085998535,14.699999809265137,18.899999618530273,32.22002029418945,-0.003973039
"1 Aug 2022, 05:48:57",849,831,1651.239990234375,2.7760002613067627,1.9870517253875732,8.317866325378418,9.117865562438965,14.699999809265137,18.899999618530273,8.782968521118164,-0.04844844
"9 Aug 2022, 09:47:29",3224,2436,2514,2.4840331077575684,1.0320197343826294,9.100000381469727,29,9.300000190734863,32.29999923706055,3.311270236968994,-0.791567206
"9 Aug 2022, 11:20:59",5802,3030,3400.850098,2.810000181,1.1223927736282349,29.06926155090332,9.269262313842773,7.5,32.5,31.56397819519043,0.5822073817253113
"13 Aug 2022, 07:33:31",1878,1872,4059.580078,2.555999994277954,2.168579102,33.2130127,32.71300125,9.300000190734863,33.400001525878906,13.833992004394531,0.012316545471549034
"20 Aug 2022, 08:16:08",2869,2700,6064.370117,3.569042921066284,2.246062994003296,33.297630310058594,35.99762725830078,14.699999809265137,18.899999618530273,27.614370346069336,-0.044522349
"29 Aug 2022, 19:52:11",4379,3167,1971.4300537109375,1.3279999494552612,0.6224913001060486,397.7694396972656,-1.730999947,1273.9000244140625,1673.4000244140625,49.80842971801758,20.26447868347168
"29 Aug 2022, 22:55:15",2472,2312,2403.389892578125,2.1700000762939453,1.039528489112854,3.4486842155456543,354.34869384765625,1270.4000244140625,1624.800048828125,12.08178424835205,-14.60021019
"2 Sep 2022, 22:41:59",3707,3300,6611.600098,3.734081983566284,2.0035152435302734,5.6125712394714355,5.612569808959961,2.5,8.399999618530273,8.503394127,0
"28 Sep 2022, 17:01:41",1510,1478,3023.800048828125,2.5160000324249268,2.045872688293457,16.62575340270996,16.725799560546875,14.699999809265137,18.899999618530273,21.97802162,-0.003307097
"2 Oct 2022, 13:21:04",2622,2392,5561.839844,2.828000068664551,2.325183868408203,29.129484176635742,31.629499435424805,14.699999809265137,18.899999618530273,20.20202065,-0.044949155
"5 Oct 2022, 18:52:37",1349,1301,3024.189941,3,2.324512004852295,16.62544059753418,17.525440216064453,14.699999809265137,18.899999618530273,7.827788829803467,-0.029760035
"14 Oct 2022, 07:35:07",3938,3848,5166.799805,2.428027391433716,1.3427234888076782,37.80400848388672,37.90401077270508,3.5999999046325684,26.299999237060547,8.870067596435547,-0.001935434
"17 Oct 2022, 20:43:58",3197,3089,7052.259766,2.880000114440918,2.2830235958099365,37.46091842651367,40.06090164,14.699999809265137,18.899999618530273,20.20202065,-0.036867615
"19 Oct 2022, 14:06:40",2180,2128,5019.910156,2.9240000247955322,2.358980178833008,29.135984420776367,28.935985565185547,14.699999809265137,18.899999618530273,30.303030014038086,0.003984135
"24 Oct 2022, 18:27:05",2145,2087,5035.419922,2.987999916,2.412755250930786,27.554845809936523,27.75480079650879,14.699999809265137,18.899999618530273,22.988506317138672,-0.003971864
"30 Oct 2022, 21:50:38",1228,1224,3033.530029296875,3.128000020980835,2.4783742427825928,16.649566650390625,17.149599075317383,14.699999809265137,18.899999618530273,11.538461685180664,-0.016482448
"9 Nov 2022, 20:37:32",1327,1290,3019.540039,2.6659998893737793,2.340728759765625,16.644466400146484,16.24446678161621,14.699999809265137,18.899999618530273,21.73913002,0.013247051276266575
"15 Nov 2022, 18:39:05",3897,3783,8024.390137,2.5420000553131104,2.121170997619629,45.79676437,46.09680176,14.699999809265137,18.899999618530273,28.98550796508789,-0.003738602
"22 Nov 2022, 12:17:27",1998,1993,5029.330078,3.5239999294281006,2.5234973430633545,27.450475692749023,24.95050048828125,14.699999809265137,18.899999618530273,5.444645881652832,0.049708411
"25 Nov 2022, 07:38:00",1289,1249,3026.600098,3.053999900817871,2.4232184886932373,15.683610916137695,13.983611106872559,14.699999809265137,21.299999237060547,33.33333206176758,0.056168638
"29 Nov 2022, 17:45:24",2421,2338,5301.200195,2.7699999809265137,2.2674081325531006,27.47295379638672,27.872953414916992,14.699999809265137,18.899999618530273,6.493506432,-0.007545461
"5 Dec 2022, 22:05:27",2126,2116,5037.299805,2.8540000915527344,2.3805766105651855,25.785436630249023,25.88543701171875,14.699999809265137,21.299999237060547,5.217391490936279,-0.00198519
"12 Dec 2022, 20:43:14",667,656,1550.199951171875,3.1700000762939453,2.363109827041626,6.417811870574951,6.717810153961182,14.699999809265137,18.899999618530273,6.25,-0.019352341
"15 Dec 2022, 17:14:38",1076,1071,2601.939941,3.0299999713897705,2.4294490814208984,8.320355415344238,9.320360184,14.699999809265137,18.899999618530273,7.835455417633057,-0.038432863
"20 Dec 2022, 13:03:51",1223,1196,3018.600098,2.753999948501587,2.5239131450653076,15.119329452514648,15.519330024719238,14.699999809265137,18.899999618530273,8.176614761352539,-0.013251176
"22 Dec 2022, 13:02:17",1200,1195,3028.899902,2.822000026702881,2.534644365310669,14.998193740844727,14.79819393157959,14.699999809265137,18.899999618530273,8.946322441101074,0.006603057
"25 Dec 2022, 09:06:55",2075,2068,5349.319824,3.638000011444092,2.586711883544922,18.37014389038086,18.97010040283203,10.199999809265137,18.100000381469727,7.305935859680176,-0.011216379
"26 Dec 2022, 13:41:13",3354,3066,3342.219970703125,1.5859999656677246,1.090091347694397,20.77142906188965,20.97142791748047,4.5,18.899999618530273,7.117437839508057,-0.005984046
"27 Dec 2022, 20:29:01",4821,4817,10057.67969,2.865999937057495,2.0879552364349365,56.648406982421875,56.44840621948242,14.699999809265137,18.899999618530273,5.2493438720703125,0.00198853
"29 Dec 2022, 12:54:55",4253,2152,2083.719970703125,2.8801653385162354,0.9682713747024536,0,-1.100000024,1.100000023841858,2.200000047683716,1.9157087802886963,0.052790202
"30 Dec 2022, 15:02:39",1706,1702,4047.570068359375,3.186000108718872,2.3781256675720215,23.38273048400879,21.082731246948242,14.699999809265137,18.899999618530273,8.123476982,0.056824218
"3 Jan 2023, 08:58:05",2169,2159,5299.660156,2.7860000133514404,2.4546828269958496,49.22987365722656,48.929874420166016,63.599998474121094,86.59999847,7.7519378662109375,0.005660741
"3 Jan 2023, 11:59:47",663,447,1129.9000244140625,3.0739998817443848,2.527740478515625,2.414285659790039,14.114285469055176,71,85.19999694824219,3.748828411102295,-1.035489917
"8 Jan 2023, 10:03:07",4428,4424,10188.34961,3.065999984741211,2.3029723167419434,54.70493698120117,51.10490036010742,22.100000381469727,44.900001525878906,7.174887657165527,0.035334475338459015
"15 Jan 2023, 13:08:55",3076,3034,7035.669922,2.7760000228881836,2.318942070007324,40.92087936401367,41.520877838134766,4.699999809265137,21.5,33.33333206176758,-0.008527973
"17 Jan 2023, 13:39:06",1313,1294,3281.939941,3.256000042,2.5362751483917236,15.19635296,15.096352577209473,11.699999809265137,22,5.385996341705322,0.003046978
"18 Jan 2023, 08:40:34",809,802,2022.97998,2.8519999980926514,2.522418975830078,12.458333015441895,-0.141666666,3.4000000953674316,16,3.200000047683716,0.6228435039520264
"31 Jan 2023, 13:35:04",1236,1164,3020.620117,3.065999984741211,2.595034361,15.161952018737793,13.36195182800293,15,19.299999237060547,32,0.059590414
"12 Feb 2023, 12:40:59",8045,5000,16607.33594,13.17427921295166,3.321467161178589,1156.203369140625,1205,1850.199951171875,2239.899902,47.84883117675781,-0.025290029
"13 Feb 2023, 09:01:17",6476,3734,6136.550781,8.924627304077148,1.643425464630127,302.79998779296875,236,1954.199951171875,2007.800048828125,16.47157859802246,0.26399195194244385
"13 Feb 2023, 13:03:05",8708,5677,15035.35254,13.547718048095703,2.648468017578125,1132.036621,1146,1950.300048828125,2467.5,49.76784896850586,-0.017292578
"14 Feb 2023, 10:09:39",7969,6633,13662.81348,14.870828628540039,2.059824228286743,673.8566895,615,1950.699951171875,2007.5999755859375,17.843372344970703,0.1493103951215744
"14 Feb 2023, 15:20:00",3026,1842,8387.288086,18.36454963684082,4.553359508514404,302.6166687011719,1052,1934.9000244140625,2697.899902,47.93233871459961,-8.506921768
"15 Feb 2023, 09:49:34",8543,7246,15942.16309,15.809489250183105,2.2001328468322754,796.5233154296875,746,1950,2007.5,17.806251525878906,0.12921708822250366
"15 Feb 2023, 14:27:16",4224,3491,11417.49023,14.308226585388184,3.270550012588501,1009.1500244140625,1047,1950.5999755859375,2463.800048828125,49.81279373168945,-0.039413214
"16 Feb 2023, 10:40:53",5169,3822,10983.15137,12.723912239074707,2.8736660480499268,682.3300170898438,682,1936.199951171875,2240.600098,47.25971221923828,0.058271072804927826
"16 Feb 2023, 14:10:00",5348,1070,3653.914794921875,10.564393043518066,3.4148738384246826,227.30332946777344,230,1950.199951171875,2174.199951171875,26.719165802001953,0.2955733835697174
"17 Feb 2023, 09:44:30",4811,2496,6915.757324,9.474465370178223,2.7707362174987793,516.6333618164062,530,1953.300048828125,2285.800048828125,28.913787841796875,0.049163088
"17 Feb 2023, 12:28:54",7380,4704,18764.78125,19.61039161682129,3.9891116619110107,1628.658447265625,1662,1929.199951171875,2704.100098,49.43363571166992,0.028244400396943092
"20 Feb 2023, 21:16:44",1290,1286,3031.25,2.756000042,2.3571150302886963,14.995238304138184,15.295238494873047,15,19.200000762939453,6.916996002197266,-0.009896907
"23 Feb 2023, 20:30:26",2259,2251,5034.160156,2.880000114440918,2.236410379,27.67147445678711,27.571474075317383,15,19.200000762939453,7.117437839508057,0.001986429
"26 Feb 2023, 11:23:12",4480,4480,6052.330078,1.9205185174942017,1.3509665727615356,40.77626419067383,40.87626266479492,10.300000190734863,47.599998474121094,10.39697551727295,-0.001652256
"28 Feb 2023, 17:10:37",1832,1741,4013.22998,2.7660000324249268,2.305129289627075,23.317401885986328,20.917402267456055,15,19.299999237060547,10.526315689086914,0.059802204
"11 Mar 2023, 12:19:18",3944,3616,4351.140137,1.7341632843017578,1.203302025794983,26.672096252441406,26.672096252441406,8.100000381469727,22,35.71428680419922,0
"13 Mar 2023, 20:52:15",2169,2162,5027.799805,3.1600000858306885,2.3255319595336914,27.498485565185547,28.498485565185547,15,19.200000762939453,9.708738327026367,-0.019889414
"28 Mar 2023, 07:34:19",829,825,1977.1099853515625,2.7880001068115234,2.3964970111846924,12.070880889892578,-0.129099995,3.4000000953674316,15.600000381469727,3.246753215789795,0.6170622706413269
"30 Mar 2023, 12:05:09",1304,1300,3027.800048828125,2.7639999389648438,2.3290770053863525,14.975595474243164,16.27559471130371,15,19.200000762939453,7.174887657165527,-0.042935465
"4 Apr 2023, 12:52:41",421,408,1022.5999755859375,2.884000062942505,2.5063724517822266,2.6457407474517822,1.3457399606704712,15,19.299999237060547,5.347593784332275,0.12712693214416504
"6 Apr 2023, 12:03:02",1438,1425,3062.389892578125,2.868000030517578,2.149045705795288,15.092228889465332,15.392229080200195,15,19.200000762939453,5.555555344,-0.00979627
"8 Apr 2023, 18:25:19",3116,2714,3025.649902,2.002000093460083,1.114830493927002,41.29389572143555,43.79389572143555,9.899999618530273,46.29999923706055,37.03703689575195,-0.082626872
"10 Apr 2023, 13:49:44",2240,2128,5030.339844,3.2060000896453857,2.3638815879821777,28.538888931274414,28.038888931274414,10.300000190734863,38.900001525878906,4.6728973388671875,0.009939686
"15 Apr 2023, 15:18:30",1291,1291,3026.340087890625,3.1419999599456787,2.3441827297210693,15.229348182678223,13.42934799194336,15,19.299999237060547,6.9264068603515625,0.059477784
"23 Apr 2023, 13:45:05",2887,2875,6024.819824,3.0320000648498535,2.0955896377563477,36.429359436035156,34.429359436035156,15,19.899999618530273,8.849557876586914,0.033196013420820236
"25 Apr 2023, 11:48:05",1625,1588,3658.790039,3.4059998989105225,2.3040239810943604,18.930768966674805,19.930768966674805,15,19.200000762939453,5.708848953,-0.02733144
"27 Apr 2023, 12:15:06",765,760,1673.8499755859375,2.7660000324249268,2.2024343013763428,6.859375,6.859379768371582,15,19.200000762939453,7.604562759399414,0
"2 May 2023, 19:37:28",1481,1481,1953.219970703125,2.0283334255218506,1.318852186203003,7.033193111419678,5.133193492889404,7.400000095367432,14.800000190734863,9.009009361,0.097275272
"3 May 2023, 14:05:48",714,714,1078.0999755859375,2.059999942779541,1.509943962097168,0,-0.800000012,26.5,27.700000762939453,1.876172661781311,0.074204616
"20 May 2023, 07:38:19",2483,2284,2652.469970703125,1.7100000381469727,1.1613266468048096,7.209054470062256,7.009054660797119,7.5,12.899999618530273,8.064516067504883,0.007540142
"9 Jun 2023, 17:48:58",2150,2115,3031.02002,3.5420000553131104,1.4331064224243164,13.425000190734863,14.925000190734863,3.5999999046325684,17.100000381469727,6.679389476776123,-0.049488291
"6 Aug 2023, 14:02:46",5338,5146,6414.330078,1.8452173471450806,1.2464691400527954,8.058333396911621,9.058333396911621,2.4000000953674316,6.300000190734863,40,-0.015590093
"12 Aug 2023, 07:21:48",4205,4152,5605.310059,1.8459999561309814,1.3500264883041382,19.241472244262695,19.84149932861328,2.299999952316284,20.600000381469727,15.625,-0.010704136
"13 Sep 2023, 19:40:00",1694,1694,3858.77002,,2.2779042720794678,,,,,,0
"15 Sep 2023, 17:26:11",1346,1346,2757.090087890625,2.9800000190734863,2.048358201980591,0,-0.300000012,-0.200000003,1.7999999523162842,4.432624340057373,0.010881037451326847
"16 Sep 2023, 11:00:30",5610,3808,4827.120117,3.992000102996826,1.2676260471343994,12.857500076293945,18.05750084,2.799999952316284,16.299999237060547,12.048192977905273,-0.107724689
"17 Sep 2023, 14:32:11",3974,3786,4212.790039,2.2799999713897705,1.112728476524353,4.400000095367432,2.799999952316284,2.200000047683716,6.699999809265137,41.66666793823242,0.03797958
"27 Sep 2023, 08:03:20",2413,2317,2629.080078,1.8899999856948853,1.1346913576126099,9.747558594,5.947559833526611,7.5,15.300000190734863,4.743833065032959,0.14453725516796112
"1 Oct 2023, 09:20:19",1505,1501,3654.939941,3.441999912261963,2.4350032806396484,3.111999988555908,2.9119999408721924,2.799999952316284,6,4.215851783752441,0.005472046
"2 Oct 2023, 08:31:09",6629,6128,7550.939941,3.196000099182129,1.2322030067443848,0,0,5.300000190734863,7.199999809265137,13.513513565063477,0
"4 Oct 2023, 07:01:52",1510,1510,3558.510009765625,3.5360000133514404,2.3566291332244873,15.366666793823242,16.66666603088379,5.099999904632568,19.399999618530273,3.9100685119628906,-0.036532145
"9 Oct 2023, 13:56:29",1570,1562,3667.050048828125,2.9619998931884766,2.347663164138794,13.314285278320312,15.214285850524902,2.799999952316284,19.799999237060547,4.395604610443115,-0.051812764
"15 Oct 2023, 08:09:18",1648,1648,4035.300048828125,3.759999990463257,2.4486043453216553,12.995454788208008,21.595455169677734,2.700000047683716,19.799999237060547,3.9447731971740723,-0.213119224
"18 Oct 2023, 06:57:47",1800,1693,4041.580078,4.421999931335449,2.3872296810150146,15.931272506713867,22.33127212524414,2.700000047683716,19.799999237060547,16.80672264099121,-0.15835391
"22 Oct 2023, 17:44:08",1760,1760,4023.050048828125,3.8540000915527344,2.2858238220214844,11.292882919311523,17.29290008544922,5.300000190734863,19.799999237060547,4.970179080963135,-0.149140581
"25 Oct 2023, 17:05:32",2016,2016,5087.209961,4.302000045776367,2.5234177112579346,22.387142181396484,21.687143325805664,5.199999809265137,19.799999237060547,4.310344696044922,0.013759997673332691
"28 Oct 2023, 08:05:04",2098,2086,5033.02002,3.118000030517578,2.4127612113952637,2.4255852699279785,1.8255900144577026,-1.200000048,1.7999999523162842,4.991680622,0.011921271681785583
"22 Nov 2023, 20:25:11",1340,1340,3500,,2.611940383911133,,,,,,0
"10 Dec 2023, 15:41:40",11051,5531,12885.20996,10.300000190734863,2.329634666442871,51.84086227416992,51.74089813232422,2.5999999046325684,28.399999618530273,16.038326263427734,0.000776084
"19 Dec 2023, 20:17:09",2492,2416,6124.779785,3.441999912261963,2.5350911617279053,30.38472557067871,30.38472557067871,8.899999618530273,19.899999618530273,27.932960510253906,0
"28 Dec 2023, 11:24:13",1858,1858,5031.959961,3.2880001068115234,2.7082669734954834,24.358898162841797,26.158899307250977,8.899999618530273,19.899999618530273,4.177109241485596,-0.035771351
"31 Dec 2023, 11:19:23",2871,2856,7040.399902,3.869999885559082,2.4651260375976562,33.66162109,34.36159896850586,4,19.899999618530273,5.226480960845947,-0.009942617
"14 Jan 2024, 11:54:50",1390,1176,3017.02002,3.2139999866485596,2.565493106842041,12.455952644348145,11.455952644348145,4,19.899999618530273,5.376344203948975,0.03314529
"18 Jan 2024, 20:37:39",1239,1239,3000,,2.4213075637817383,,,,,,0
"21 Jan 2024, 11:22:53",2237,1986,5227.080078,3.9179999828338623,2.6319637298583984,27.007631301879883,27.10763168334961,5.400000095367432,19.899999618530273,5.6285176277160645,-0.001913114
"28 Jan 2024, 12:52:46",1919,1605,4205.080078,4.440000057220459,2.6199874877929688,20.765125274658203,22.66510009765625,2.799999952316284,19.899999618530273,22.22222137451172,-0.045183446
"4 Feb 2024, 14:21:44",1312,1209,3016.310059,4.122000217437744,2.494879961013794,10.585497856140137,16.58549690246582,5.400000095367432,19.399999618530273,11.560693740844727,-0.198918551
"11 Feb 2024, 08:42:32",2355,2133,5098.970215,3.5799999237060547,2.3905158042907715,23.014999389648438,23.21500015258789,-0.400000006,19.399999618530273,21.632251739501953,-0.003922361
"18 Feb 2024, 10:50:27",1391,712,1984.207275390625,14.57548999786377,2.7868080139160156,110.58333587646484,116,2117.899902,2229.100098,27.90583610534668,0.2620694041252136
"18 Feb 2024, 12:39:48",9486,5745,16093.18652,21.69974708557129,2.801250935,828.75,854,2022.5,2229,36.57001876831055,0.011184858158230782
"19 Feb 2024, 08:07:41",5433,3607,17424.41016,21.220060348510742,4.830720901489258,1460.2733154296875,1480,1713,2533.399902,49.969932556152344,-0.046486508
"19 Feb 2024, 11:53:19",10432,6967,22798.67578,20.83788299560547,3.2723805904388428,1357.2332763671875,1395,1833.5,2530.100098,49.67393875,-0.069302268
"20 Feb 2024, 08:10:05",8358,5116,22951.4375,21.03483772277832,4.486207485198975,2032.286621,2117,1835.5,2663.5,49.23939514160156,0.027884963899850845
"20 Feb 2024, 11:57:20",9450,4796,9559.385742,9.709321975708008,1.9931998252868652,429.5666809082031,446,2117.899902,2229.100098,28.28671646118164,0.15482164919376373
"21 Feb 2024, 06:13:23",5110,2589,12547.69629,16.956317901611328,4.846541881561279,1268.780029296875,1287,2023.699951171875,2663.5,49.86126708984375,0.3889159858226776
"21 Feb 2024, 08:19:20",7686,5665,24132.94141,21.164194107055664,4.260007381439209,2081.556641,2185,1836,2535.300048828125,49.821285247802734,-0.122239552
"21 Feb 2024, 11:27:02",6204,4772,18733.13281,12.180281639099121,3.925635576248169,1148.863281,1186,2117.899902,2530.300048828125,37.53490067,0.012811524793505669
"22 Feb 2024, 08:07:05",8171,5436,20158.35352,15.33703613,3.708306312561035,1393.836669921875,1435,1833.0999755859375,2663.5,49.96099853515625,0.035717204213142395
"23 Feb 2024, 09:47:50",19586,9985,33316.64453,18.35067367553711,3.336669683456421,2154.937988,2208,1835.800048828125,2530.100098,46.403743743896484,-0.052526295
"5 Mar 2024, 08:37:24",1151,1151,3027.209961,3.7720000743865967,2.6300694942474365,14.931344985961914,3.6713449954986572,3,14.600000381469727,4.291845321655273,0.3831911087036133
"9 Mar 2024, 09:06:07",1783,1777,5031.609863,3.9059998989105225,2.831519365310669,2.1736841201782227,4.565862655639648,-1,1.5,4.975124359130859,-0.007949742
"9 Mar 2024, 14:31:38",5431,4721,5043.560059,2.0199999809265137,1.0683245658874512,16.209524154663086,14.199999809265137,9.300000190734863,26.399999618530273,40,0.05749907
"10 Mar 2024, 13:00:55",1644,1644,4000,,2.4330899715423584,,,,,,0
"17 Mar 2024, 16:15:21",3765,3242,8053.450195,3.752000093460083,2.4840993881225586,29.564468383789062,35.54822922,2.799999952316284,19.899999618530273,9.378664016723633,-0.070777118
"30 Mar 2024, 09:05:26",1876,1872,5024.040039,4.322000026702881,2.6837821006774902,0,2.0612499713897705,-0.800000012,1.5,4.775549411773682,-0.01393301
"1 Apr 2024, 15:39:20",2176,1945,5033.029785,4.035999774932861,2.5876760482788086,14.936796188354492,17.127273559570312,2.700000047683716,19.899999618530273,7.722007751464844,-0.043711245
"7 Apr 2024, 15:12:34",584,442,1017.9500122070312,2.8359999656677246,2.3030543327331543,3.658008575439453,0,16,19.899999618530273,7.692307472229004,0.3831229507923126
"7 Apr 2024, 16:02:07",2168,2157,5130.220215,3.0320000648498535,2.3784050941467285,8.340851783752441,11.740476608276367,-1.100000024,11.300000190734863,4.897159576416016,-0.070172429
"10 Apr 2024, 12:03:26",1894,1891,5088.640137,3.8320000171661377,2.6909782886505127,13.44123363494873,17.123809814453125,2.700000047683716,19.899999618530273,5.842258930206299,-0.076641306
"12 Apr 2024, 06:20:14",1792,1786,5037.100098,3.578000068664551,2.820324659347534,13.568756103515625,17.12999916,2.700000047683716,19.899999618530273,4.409171104431152,-0.075440235
"13 Apr 2024, 08:05:01",1714,1707,5024.660156,4.024000168,2.9435617923736572,0,2.299670934677124,-1,1.5,4.728132247924805,-0.013931291
"13 Apr 2024, 11:33:31",2292,2292,1325,,0.5780977606773376,,,,,,0
"14 Apr 2024, 07:27:23",3301,3254,4080.070068359375,2.240000009536743,1.253862977027893,6.339523792266846,4.579999923706055,-1.100000024,3.700000047683716,14.925373077392578,0.012254691682755947
"15 Apr 2024, 06:37:45",1120,1120,3024.600098,3.3459999561309814,2.700535774230957,14.730414390563965,18.867128372192383,5.5,19.5,4.591368198394775,-0.115717784
"17 Apr 2024, 07:48:05",1028,1023,3020.219970703125,3.490000009536743,2.9523167610168457,16.44353675842285,2.0473146438598633,3,17.700000762939453,4.258943557739258,0.4569203555583954
"21 Apr 2024, 08:09:33",1546,1453,3509.370117,3.4000000953674316,2.4152581691741943,10.561187744140625,10.561187744140625,6.699999809265137,12.699999809265137,9.285051345825195,0.094033971
"24 Apr 2024, 17:16:52",1276,1268,3021.620117,3.628000020980835,2.382981061935425,14.21478271484375,18.21841812133789,5.5,19.5,3.805899143218994,-0.119141385
"27 Apr 2024, 08:02:17",1813,1809,5040.209961,3.4560000896453857,2.7861857414245605,0,2.0917294025421143,-0.800000012,1.5,4.878048896789551,0.007936177
"28 Apr 2024, 10:59:35",1899,1698,4017.530029296875,3.1059999465942383,2.3660364151000977,5.570000171661377,5.699999809265137,2,5.5,13.30008316040039,0.014934549108147621
"30 Apr 2024, 17:14:55",3450,3450,8270.360352,3.2119998931884766,2.3972058296203613,26.216569900512695,26.216569900512695,-0.400000006,19.899999618530273,4.901960849761963,-0.004836549
"2 May 2024, 19:19:56",2336,2321,6046.109863,4.107999801635742,2.604959011077881,28.51589584350586,28.51589584350586,2.700000047683716,19.899999618530273,6.711409568786621,0
"4 May 2024, 08:04:16",1808,1792,5029.25,5.2820000648498535,2.8065011501312256,2.268420934677124,2.268420934677124,-1.299999952,1.5,4.587155818939209,0.001988368
"12 May 2024, 09:47:43",2331,2331,5031.97998,3.805999994277954,2.158721685409546,21.55666732788086,24.96156883239746,2.700000047683716,19.899999618530273,12.820512771606445,0.009936446
"15 May 2024, 18:24:50",1803,1740,3590.719970703125,3.3480000495910645,2.0636322498321533,14.95744514465332,17.127777099609375,2.700000047683716,19.899999618530273,31.798246383666992,-0.033419482
"19 May 2024, 08:49:14",4434,4393,10071.58984,3.7119998931884766,2.292645215988159,37.579959869384766,37.579959869384766,2.700000047683716,19.899999618530273,3.9100685119628906,0.020850729197263718
"22 May 2024, 18:37:54",2049,1972,5043.47998,4.426000118255615,2.5575456619262695,10.98293685913086,17.122222900390625,2.700000047683716,19.899999618530273,5.163511276245117,-0.113017201
"25 May 2024, 08:02:46",1813,1788,5035.950195,5.3520002365112305,2.8165268898010254,2.1631579399108887,2.1593568325042725,-1,1.399999976158142,5.300353527069092,0.001985723
"25 May 2024, 11:24:31",2194,2194,1125,,0.5127620697021484,,,,,,0
"30 May 2024, 17:47:02",1944,1935,5041.149902,4.245999813079834,2.605245590209961,0,0,2.700000047683716,15.100000381469727,1.8639328479766846,-0.243991941
"6 Jun 2024, 17:39:17",1930,1930,5000,,2.5906736850738525,,,,,,0
"13 Jun 2024, 19:22:38",2832,2772,7035.5,3.7860000133514404,2.5380592346191406,25.801733016967773,32.76257324,2.700000047683716,19.899999618530273,8.695652008,-0.059697248
"15 Jun 2024, 08:02:07",1833,1829,5022.720215,4.3979997634887695,2.7461564540863037,2.0684211254119873,2.0684211254119873,-1.200000048,1.5,4.780114650726318,0
"19 Jun 2024, 17:45:04",4110,3470,8191.560059,3.563999891281128,2.360680103302002,27.381601333618164,27.381601333618164,-0.400000006,19.899999618530273,19.323671340942383,-0.039064597
"30 Jun 2024, 10:08:50",4292,4221,10057.29004,4.28000021,2.3826794624328613,8.845915794372559,9.598484992980957,4.300000190734863,10.600000381469727,6.93069315,0.005965822
"6 Jul 2024, 08:04:22",1799,1795,5032.939941,3.7139999866485596,2.803866386413574,2.205263137817383,4.706841945648193,-1.200000048,1.600000023841858,4.385964870452881,0
"6 Jul 2024, 11:44:28",1740,1740,1050,,0.6034482717514038,,,,,,0
"13 Jul 2024, 08:03:15",1788,1785,5012.799805,4.260000228881836,2.808291435241699,2.492105246,2.492105246,-1.299999952,1.600000023841858,4.553733825683594,0.001994893
"13 Jul 2024, 15:28:41",6979,6570,7205.350098,1.6959999799728394,1.0967047214508057,28.14858055114746,27.630159378051758,3,18.100000381469727,19.80198097229004,0.006939288
"25 Jul 2024, 05:08:52",2965,2227,5024.060059,2.825000047683716,2.255976676940918,0,0,3.4000000953674316,5.199999809265137,40,0.017913798
"26 Jul 2024, 05:12:28",2037,2017,5043.379883,2.8399999141693115,2.500436305999756,0,0,3.4000000953674316,5.199999809265137,1.579778790473938,0.001982797
"26 Jul 2024, 05:47:34",1196,1152,1643.959961,3.259999990463257,1.4270485639572144,0,0,3.5999999046325684,5.199999809265137,0.9990010261535645,-0.012165746
"26 Jul 2024, 06:11:03",2430,2430,4247.370117,4.314000129699707,1.7478889226913452,0,0,3.4000000953674316,5.199999809265137,1.7035775184631348,0
"27 Jul 2024, 07:51:44",19640,5169,20106.49023,8.291999816894531,3.889822006225586,29.283863067626953,30.255990982055664,2.0999999046325684,16.5,34.482757568359375,-0.007460278
"28 Jul 2024, 05:34:57",3135,3135,4634.180176,2.427999973297119,1.4782073497772217,0,0,3.700000047683716,5.199999809265137,1.8939393758773804,0.015105153433978558
"30 Jul 2024, 05:24:29",2484,2428,6025.160156,3.322999954223633,2.481532096862793,0,0,3.5999999046325684,5.199999809265137,1.6326531171798706,0.014937362633645535
"3 Aug 2024, 08:08:28",2070,2041,5007.830078,2.805999994277954,2.453615904,2.3870129585266113,2.3870129585266113,-1.100000024,1.600000023841858,4.990019798278809,0.001996873
"3 Aug 2024, 19:22:18",3239,3169,3494.840087890625,1.8980000019073486,1.1028211116790771,17.37445831298828,16.315921783447266,7.400000095367432,15.5,17.85714340209961,0.025752251967787743
"10 Aug 2024, 08:03:01",1793,1793,5036.209961,3.815999984741211,2.8088176250457764,0,0,-0.5,1.5,1.7513134479522705,0.037726782
"13 Aug 2024, 07:52:20",926,899,3000.370117,5.302001953,3.3374528884887695,14.64475154876709,14.64475154876709,9.100000381469727,19.399999618530273,4.597683906555176,0.009998767
"17 Aug 2024, 08:05:10",1647,1632,5183.910156,4.513995170593262,3.1764156818389893,2.3251633644104004,2.3251633644104004,-1.100000024,1.600000023841858,4.043715000152588,0.003858092
"24 Aug 2024, 15:33:13",1138,1138,3000,,2.6362037658691406,,,,,,0
"2 Sep 2024, 16:52:22",2113,1912,5197.279785,4.122021675109863,2.718242645263672,16.470294952392578,16.470294952392578,2.799999952316284,19.899999618530273,6.0430803298950195,-0.065418839
"2 Sep 2024, 17:27:35",749,749,954.1799926757812,1.5759999752044678,1.273938536643982,3.388282060623169,2.725015640258789,12.199999809265137,16.600000381469727,18.779342651367188,0.1572030484676361
"6 Oct 2024, 10:44:14",1244,1239,3039.149902,4.512000084,2.4529056549072266,13.286309242248535,18.686870574951172,5.5,19.399999618530273,8.849557876586914,-0.092131026
"8 Oct 2024, 11:39:45",1890,1871,5028.529785,3.3299999237060547,2.6876163482666016,21.339435577392578,24.806102752685547,-0.5,19.399999618530273,4.940711498260498,-0.031818446
"13 Oct 2024, 12:33:28",2101,1813,1644.8599853515625,2.7409090995788574,0.9072586894035339,12.404000282287598,12.404081344604492,3.9000000953674316,20.100000381469727,41.66666793823242,-0.346534044
"27 Oct 2024, 10:55:35",2168,2152,5031.859863,3.7160000801086426,2.3382248878479004,21.69092559814453,24.82510757446289,-0.5,19.399999618530273,6.315789699554443,-0.049683418
"2 Nov 2024, 09:04:06",1759,1756,5035.399902,4,2.867539882659912,0,2.2020468711853027,-0.800000012,1.600000023841858,4.464285850524902,0
"10 Nov 2024, 17:52:15",1881,1813,5022.899902,4.179999828338623,2.770490884780884,23.249290466308594,23.249290466308594,9.399999618530273,19.399999618530273,5,-0.027872344
"12 Nov 2024, 12:47:59",2257,2129,6042.5,3.9800000190734863,2.8381869792938232,23.267105102539062,29.80739974975586,9.399999618530273,19.399999618530273,11.764705657958984,-0.082747206
"16 Nov 2024, 08:41:44",4621,3966,10052.2998,3.4800000190734863,2.5346193313598633,22.45199203491211,23.973419189453125,-1.100000024,19.399999618530273,14.285714149475098,-0.012932364
"23 Nov 2024, 08:48:48",4078,3971,10110.5,4.260000228881836,2.546084166,22.35714340209961,21.649734497070312,-1,19.399999618530273,4.950495243,0.002967212
"26 Nov 2024, 09:06:28",611,611,1769.699951171875,3.4600000381469727,2.8963992595672607,3.421739101409912,10.422222137451172,8.600000381469727,19.399999618530273,20.689655303955078,-0.305136472
"26 Nov 2024, 19:08:19",1033,564,1730,5.400000095367432,3.067375898361206,0,0,5.699999809265137,6.300000190734863,1.9801980257034302,0.011560693383216858
"3 Dec 2024, 12:54:54",2296,2155,5189.100098,4.139999866485596,2.407935143,15.401196479797363,23.943504333496094,13.399999618530273,28.700000762939453,4.347826004,-0.165732011
"10 Dec 2024, 12:51:36",1558,1545,4034.5,3.799999952316284,2.6113269329071045,13.389311790466309,19.88347816467285,9.399999618530273,19.399999618530273,15.789473533630371,-0.118973851
"24 Dec 2024, 08:57:55",2268,2265,6067.100098,3.940000057220459,2.678631306,23.411287307739258,25.54795265197754,9.399999618530273,19.399999618530273,5.833333492279053,-0.032964677
"29 Dec 2024, 09:56:12",18877,7359,16750.23242,20.33315086364746,2.276156187057495,886.6199951171875,919,2117.699951171875,2230.300048828125,27.881120681762695,0.010149112902581692
"30 Dec 2024, 08:45:41",16033,6066,28462.08984,20.086177825927734,4.692069053649902,2076.296630859375,2184,2023.5999755859375,2664.300048828125,49.86742401123047,0.005972857
"31 Dec 2024, 08:39:10",13800,8128,31022.3418,23.129409790039062,3.816725254058838,2702.709961,2776,1787.199951171875,2530.800048828125,49.99867630004883,-0.035458315
"1 Jan 2025, 08:25:31",24708,10097,41889.28906,23.826332092285156,4.148686408996582,3655.426758,3702,1614.699951171875,2530.800048828125,49.92453384399414,0.003103419
"2 Jan 2025, 08:22:34",8287,6246,24548.85742,25.46562957763672,3.9303324222564697,2579.606689453125,2708,1201.199951171875,2485,49.957427978515625,-0.362542331
"3 Jan 2025, 09:39:49",7639,5005,20533.33789,16.734302520751953,4.102564811706543,1684.5699462890625,1649,1610,2534.199951171875,49.99565505981445,0.4612012207508087
"4 Jan 2025, 09:15:50",15070,8117,28569.56641,17.435684204101562,3.5197198390960693,2349.863281,2379,1835.5999755859375,2818.800048828125,49.88138961791992,0.025551666
"12 Jan 2025, 10:05:08",1839,1828,5094,3.5799999237060547,2.786652088165283,19.59055519104004,19.74222183227539,5.400000095367432,25.399999618530273,6.25,0.007852376
"23 Jan 2025, 08:17:42",2619,2426,2750.899902,2.0199999809265137,1.133924126625061,9.898154258728027,9.898154258728027,6.5,16.5,11.11111068725586,0.054527610540390015
"26 Jan 2025, 13:42:52",1659,1626,2366.100098,2.119999885559082,1.4551661014556885,0,0,2.200000047683716,3.700000047683716,4.716980934143066,0.021131821
"2 Feb 2025, 10:08:21",2982,2742,3155.5,1.8079999685287476,1.1508023738861084,10.326984405517578,9.391046524047852,6.099999904632568,17,5.607476711273193,0.019014419987797737
"9 Feb 2025, 08:33:19",2919,2703,2914,1.7200000286102295,1.0780614614486694,10.464092254638672,8.884092330932617,6.099999904632568,17,5.454545497894287,0.027453672140836716
"16 Feb 2025, 09:11:54",2933,2621,3042.5,2.380000114440918,1.1608164310455322,10.068292617797852,7.927178859710693,6.099999904632568,16.5,25,0.046014789
"23 Feb 2025, 12:51:00",6602,5700,5622.899902,3.059999942779541,0.9864736795425415,36.406246185302734,31.287494659423828,-0.200000003,20.100000381469727,49.514564514160156,0.17784416675567627
"24 Feb 2025, 08:37:33",859,859,5000,,5.820721626281738,,,,,,0
"27 Feb 2025, 12:48:19",2269,2266,6035.700195,4.179999828338623,2.6635923385620117,23.17030906677246,29.80841636657715,9.399999618530273,19.399999618530273,6.796116352081299,-0.092781283
"2 Mar 2025, 15:20:45",4994,4854,6024.700195,2.0164706707000732,1.241182565689087,2.0589945316314697,2.0589945316314697,5.099999904632568,7.199999809265137,16.66666603088379,0.009959002
"3 Mar 2025, 08:02:00",1210,1210,7000,,5.785123825073242,,,,,,0
"9 Mar 2025, 10:00:09",1896,1891,5042.899902,4.159999847412109,2.666790008544922,19.091888427734375,25.752273559570312,9.399999618530273,19.399999618530273,5.714285850524902,-0.109064229
"11 Mar 2025, 13:15:46",2190,2156,6040.200195,4.099999904632568,2.801577091217041,23.238561630249023,29.821441650390625,9.399999618530273,19.399999618530273,21.428571701049805,-0.092712164
"15 Mar 2025, 08:48:57",3265,3217,8516.400391,3.700000047683716,2.647311210632324,15.946148872375488,17.64131736755371,-0.899999976,15.300000190734863,5,-0.021135692
"19 Mar 2025, 08:37:12",695,695,2028.199951171875,3.859999895095825,2.918273448944092,11.330374717712402,2.2476470470428467,2.9000000953674316,12.399999618530273,3.4782607555389404,0.4683956205844879
"21 Mar 2025, 08:10:00",1800,1800,10400,,5.777777671813965,,,,,,0
"22 Mar 2025, 14:32:40",10461,6464,8893.5,5.579999923706055,1.3758509159088135,25.874645233154297,31.866241455078125,13.100000381469727,40.70000076293945,50,-0.07870917
"30 Mar 2025, 07:40:16",2911,2859,7016.5,3.859999895095825,2.4541797637939453,61.434898376464844,62.24045181274414,10,22.700000762939453,22.85714340209961,-0.01425212
"2 Apr 2025, 07:10:41",3084,3065,8039.200195,3.440000057220459,2.622903823852539,31.10097885131836,38.68613052368164,2.799999952316284,19.899999618530273,11.11111068725586,-0.072146483
"6 Apr 2025, 16:15:19",2512,2489,3010.600098,2.059999942779541,1.209562063217163,16.069828033447266,14.717976570129395,3.5999999046325684,16.299999237060547,16.66666603088379,0.043180759996175766
"7 Apr 2025, 07:08:58",2679,1863,5016.100098,5.659999847412109,2.6924853324890137,11.906940460205078,11.906940460205078,5.099999904632568,8.300000190734863,25,0
"9 Apr 2025, 06:33:10",3750,3733,10056.5,4.460000038146973,2.693945885,34.341453552246094,40.75386047363281,2.799999952316284,19.799999237060547,9.523809432983398,-0.052702233
"12 Apr 2025, 08:04:04",1937,1917,4849.200195,3.640000104904175,2.5295774936676025,2.404761791229248,4.797489166259766,-1,1.7000000476837158,3.9215686321258545,-0.004124392
"14 Apr 2025, 10:27:29",2809,2012,5115.399902,6.840000152587891,2.542445421218872,9.388881683,11.390417098999023,5,7.699999809265137,11.764705657958984,-0.007819525
"16 Apr 2025, 11:40:50",5429,4837,12041.40039,4.460000038146973,2.4894356727600098,50.74639129638672,50.74639129638672,2.799999952316284,19.799999237060547,14.285714149475098,0.00913515
"19 Apr 2025, 08:05:37",1656,1633,5031.100098,4.559999942779541,3.0808939933776855,2.3333332538604736,4.643567085266113,-0.899999976,1.600000023841858,3.361344575881958,-0.001987637
"21 Apr 2025, 15:09:00",2186,1430,3877.100098,5.739999771118164,2.71125865,4.717189311981201,4.717189311981201,5.699999809265137,8.5,20,-0.012896237
"23 Apr 2025, 06:16:22",5628,5410,14069.7998,5.010000228881836,2.6007022857666016,53.68284988,50.957576751708984,2.799999952316284,19.799999237060547,7.142857074737549,0.00995039
